trial_id,model_id,density,payload_id,payload_condition,defense_condition,status
T09238,M3,D3,NONE,NONE,IHR_SPCE,PENDING
T09383,M3,D5,NONE,NONE,BASELINE,PENDING
T09640,M4,D3,NONE,NONE,BASELINE,PENDING
T09579,M3,D5,NONE,NONE,IHR_SPCE,PENDING
T10034,M4,D5,NONE,NONE,BASELINE,PENDING
T09476,M3,D5,NONE,NONE,IHR_SPCE,PENDING
T08262,M1,D5,NONE,NONE,IHR_SPCE,PENDING
T09576,M3,D5,NONE,NONE,IHR_SPCE,PENDING
T08377,M1,D5,NONE,NONE,IHR_SPCE,PENDING
T07879,M1,D3,NONE,NONE,BASELINE,PENDING
T09914,M4,D5,NONE,NONE,BASELINE,PENDING
T08428,M2,D3,NONE,NONE,BASELINE,PENDING
T08569,M2,D3,NONE,NONE,IHR_SPCE,PENDING
T09440,M3,D5,NONE,NONE,BASELINE,PENDING
T09229,M3,D3,NONE,NONE,IHR_SPCE,PENDING
T08863,M2,D5,NONE,NONE,IHR_SPCE,PENDING
T09346,M3,D5,NONE,NONE,BASELINE,PENDING
T10129,M4,D5,NONE,NONE,IHR_SPCE,PENDING
T08244,M1,D5,NONE,NONE,BASELINE,PENDING
T09257,M3,D3,NONE,NONE,IHR_SPCE,PENDING
T08178,M1,D5,NONE,NONE,BASELINE,PENDING
T08824,M2,D5,NONE,NONE,BASELINE,PENDING
T08464,M2,D3,NONE,NONE,BASELINE,PENDING
T08782,M2,D5,NONE,NONE,BASELINE,PENDING
T09379,M3,D5,NONE,NONE,BASELINE,PENDING
T08061,M1,D3,NONE,NONE,IHR_SPCE,PENDING
T08860,M2,D5,NONE,NONE,IHR_SPCE,PENDING
T09664,M4,D3,NONE,NONE,BASELINE,PENDING
T07982,M1,D3,NONE,NONE,IHR_SPCE,PENDING
T09214,M3,D3,NONE,NONE,IHR_SPCE,PENDING
T08078,M1,D3,NONE,NONE,IHR_SPCE,PENDING
T08784,M2,D5,NONE,NONE,BASELINE,PENDING
T08658,M2,D3,NONE,NONE,IHR_SPCE,PENDING
T08678,M2,D3,NONE,NONE,IHR_SPCE,PENDING
T09306,M3,D5,NONE,NONE,BASELINE,PENDING
T08348,M1,D5,NONE,NONE,IHR_SPCE,PENDING
T09132,M3,D3,NONE,NONE,BASELINE,PENDING
T09888,M4,D3,NONE,NONE,IHR_SPCE,PENDING
T07835,M1,D3,NONE,NONE,BASELINE,PENDING
T08853,M2,D5,NONE,NONE,IHR_SPCE,PENDING
T08866,M2,D5,NONE,NONE,IHR_SPCE,PENDING
T10191,M4,D5,NONE,NONE,IHR_SPCE,PENDING
T09948,M4,D5,NONE,NONE,BASELINE,PENDING
T09814,M4,D3,NONE,NONE,IHR_SPCE,PENDING
T08511,M2,D3,NONE,NONE,BASELINE,PENDING
T08623,M2,D3,NONE,NONE,IHR_SPCE,PENDING
T08487,M2,D3,NONE,NONE,BASELINE,PENDING
T07867,M1,D3,NONE,NONE,BASELINE,PENDING
T08916,M2,D5,NONE,NONE,IHR_SPCE,PENDING
T09140,M3,D3,NONE,NONE,BASELINE,PENDING
T09917,M4,D5,NONE,NONE,BASELINE,PENDING
T09351,M3,D5,NONE,NONE,BASELINE,PENDING
T08189,M1,D5,NONE,NONE,BASELINE,PENDING
T09827,M4,D3,NONE,NONE,IHR_SPCE,PENDING
T08023,M1,D3,NONE,NONE,IHR_SPCE,PENDING
T08368,M1,D5,NONE,NONE,IHR_SPCE,PENDING
T09723,M4,D3,NONE,NONE,BASELINE,PENDING
T09969,M4,D5,NONE,NONE,BASELINE,PENDING
T07808,M1,D3,NONE,NONE,BASELINE,PENDING
T08405,M2,D3,NONE,NONE,BASELINE,PENDING
T08209,M1,D5,NONE,NONE,BASELINE,PENDING
T08593,M2,D3,NONE,NONE,IHR_SPCE,PENDING
T08379,M1,D5,NONE,NONE,IHR_SPCE,PENDING
T07937,M1,D3,NONE,NONE,BASELINE,PENDING
T08198,M1,D5,NONE,NONE,BASELINE,PENDING
T09164,M3,D3,NONE,NONE,IHR_SPCE,PENDING
T09718,M4,D3,NONE,NONE,BASELINE,PENDING
T09117,M3,D3,NONE,NONE,BASELINE,PENDING
T09335,M3,D5,NONE,NONE,BASELINE,PENDING
T09788,M4,D3,NONE,NONE,IHR_SPCE,PENDING
T09683,M4,D3,NONE,NONE,BASELINE,PENDING
T08977,M2,D5,NONE,NONE,IHR_SPCE,PENDING
T07871,M1,D3,NONE,NONE,BASELINE,PENDING
T09303,M3,D5,NONE,NONE,BASELINE,PENDING
T08282,M1,D5,NONE,NONE,IHR_SPCE,PENDING
T08550,M2,D3,NONE,NONE,BASELINE,PENDING
T09772,M4,D3,NONE,NONE,IHR_SPCE,PENDING
T08656,M2,D3,NONE,NONE,IHR_SPCE,PENDING
T09921,M4,D5,NONE,NONE,BASELINE,PENDING
T08576,M2,D3,NONE,NONE,IHR_SPCE,PENDING
T08055,M1,D3,NONE,NONE,IHR_SPCE,PENDING
T09922,M4,D5,NONE,NONE,BASELINE,PENDING
T08913,M2,D5,NONE,NONE,IHR_SPCE,PENDING
T08756,M2,D5,NONE,NONE,BASELINE,PENDING
T09781,M4,D3,NONE,NONE,IHR_SPCE,PENDING
T09471,M3,D5,NONE,NONE,IHR_SPCE,PENDING
T09653,M4,D3,NONE,NONE,BASELINE,PENDING
T08772,M2,D5,NONE,NONE,BASELINE,PENDING
T08458,M2,D3,NONE,NONE,BASELINE,PENDING
T09067,M3,D3,NONE,NONE,BASELINE,PENDING
T08400,M1,D5,NONE,NONE,IHR_SPCE,PENDING
T09800,M4,D3,NONE,NONE,IHR_SPCE,PENDING
T07987,M1,D3,NONE,NONE,IHR_SPCE,PENDING
T09771,M4,D3,NONE,NONE,IHR_SPCE,PENDING
T09304,M3,D5,NONE,NONE,BASELINE,PENDING
T08202,M1,D5,NONE,NONE,BASELINE,PENDING
T08890,M2,D5,NONE,NONE,IHR_SPCE,PENDING
T08479,M2,D3,NONE,NONE,BASELINE,PENDING
T08238,M1,D5,NONE,NONE,BASELINE,PENDING
T09350,M3,D5,NONE,NONE,BASELINE,PENDING
T08564,M2,D3,NONE,NONE,IHR_SPCE,PENDING
T09535,M3,D5,NONE,NONE,IHR_SPCE,PENDING
T10027,M4,D5,NONE,NONE,BASELINE,PENDING
T08811,M2,D5,NONE,NONE,BASELINE,PENDING
T09716,M4,D3,NONE,NONE,BASELINE,PENDING
T09679,M4,D3,NONE,NONE,BASELINE,PENDING
T08958,M2,D5,NONE,NONE,IHR_SPCE,PENDING
T09236,M3,D3,NONE,NONE,IHR_SPCE,PENDING
T09248,M3,D3,NONE,NONE,IHR_SPCE,PENDING
T09485,M3,D5,NONE,NONE,IHR_SPCE,PENDING
T08010,M1,D3,NONE,NONE,IHR_SPCE,PENDING
T09960,M4,D5,NONE,NONE,BASELINE,PENDING
T07830,M1,D3,NONE,NONE,BASELINE,PENDING
T08768,M2,D5,NONE,NONE,BASELINE,PENDING
T08904,M2,D5,NONE,NONE,IHR_SPCE,PENDING
T07882,M1,D3,NONE,NONE,BASELINE,PENDING
T08364,M1,D5,NONE,NONE,IHR_SPCE,PENDING
T08313,M1,D5,NONE,NONE,IHR_SPCE,PENDING
T10120,M4,D5,NONE,NONE,IHR_SPCE,PENDING
T09219,M3,D3,NONE,NONE,IHR_SPCE,PENDING
T09847,M4,D3,NONE,NONE,IHR_SPCE,PENDING
T09025,M3,D3,NONE,NONE,BASELINE,PENDING
T08327,M1,D5,NONE,NONE,IHR_SPCE,PENDING
T08365,M1,D5,NONE,NONE,IHR_SPCE,PENDING
T09153,M3,D3,NONE,NONE,IHR_SPCE,PENDING
T08943,M2,D5,NONE,NONE,IHR_SPCE,PENDING
T07821,M1,D3,NONE,NONE,BASELINE,PENDING
T08945,M2,D5,NONE,NONE,IHR_SPCE,PENDING
T10173,M4,D5,NONE,NONE,IHR_SPCE,PENDING
T09540,M3,D5,NONE,NONE,IHR_SPCE,PENDING
T08256,M1,D5,NONE,NONE,IHR_SPCE,PENDING
T08274,M1,D5,NONE,NONE,IHR_SPCE,PENDING
T08991,M2,D5,NONE,NONE,IHR_SPCE,PENDING
T09145,M3,D3,NONE,NONE,BASELINE,PENDING
T09812,M4,D3,NONE,NONE,IHR_SPCE,PENDING
T09331,M3,D5,NONE,NONE,BASELINE,PENDING
T09629,M4,D3,NONE,NONE,BASELINE,PENDING
T09898,M4,D3,NONE,NONE,IHR_SPCE,PENDING
T10198,M4,D5,NONE,NONE,IHR_SPCE,PENDING
T07851,M1,D3,NONE,NONE,BASELINE,PENDING
T08190,M1,D5,NONE,NONE,BASELINE,PENDING
T08243,M1,D5,NONE,NONE,BASELINE,PENDING
T08769,M2,D5,NONE,NONE,BASELINE,PENDING
T08423,M2,D3,NONE,NONE,BASELINE,PENDING
T09075,M3,D3,NONE,NONE,BASELINE,PENDING
T08549,M2,D3,NONE,NONE,BASELINE,PENDING
T08151,M1,D5,NONE,NONE,BASELINE,PENDING
T08199,M1,D5,NONE,NONE,BASELINE,PENDING
T09307,M3,D5,NONE,NONE,BASELINE,PENDING
T09599,M3,D5,NONE,NONE,IHR_SPCE,PENDING
T09889,M4,D3,NONE,NONE,IHR_SPCE,PENDING
T07875,M1,D3,NONE,NONE,BASELINE,PENDING
T08130,M1,D5,NONE,NONE,BASELINE,PENDING
T10104,M4,D5,NONE,NONE,IHR_SPCE,PENDING
T09089,M3,D3,NONE,NONE,BASELINE,PENDING
T09427,M3,D5,NONE,NONE,BASELINE,PENDING
T08056,M1,D3,NONE,NONE,IHR_SPCE,PENDING
T07939,M1,D3,NONE,NONE,BASELINE,PENDING
T08745,M2,D5,NONE,NONE,BASELINE,PENDING
T08206,M1,D5,NONE,NONE,BASELINE,PENDING
T08480,M2,D3,NONE,NONE,BASELINE,PENDING
T09499,M3,D5,NONE,NONE,IHR_SPCE,PENDING
T09069,M3,D3,NONE,NONE,BASELINE,PENDING
T09457,M3,D5,NONE,NONE,IHR_SPCE,PENDING
T10135,M4,D5,NONE,NONE,IHR_SPCE,PENDING
T08246,M1,D5,NONE,NONE,BASELINE,PENDING
T09508,M3,D5,NONE,NONE,IHR_SPCE,PENDING
T09964,M4,D5,NONE,NONE,BASELINE,PENDING
T08538,M2,D3,NONE,NONE,BASELINE,PENDING
T09160,M3,D3,NONE,NONE,IHR_SPCE,PENDING
T08723,M2,D5,NONE,NONE,BASELINE,PENDING
T09051,M3,D3,NONE,NONE,BASELINE,PENDING
T09564,M3,D5,NONE,NONE,IHR_SPCE,PENDING
T08697,M2,D3,NONE,NONE,IHR_SPCE,PENDING
T10103,M4,D5,NONE,NONE,IHR_SPCE,PENDING
T09671,M4,D3,NONE,NONE,BASELINE,PENDING
T09874,M4,D3,NONE,NONE,IHR_SPCE,PENDING
T08959,M2,D5,NONE,NONE,IHR_SPCE,PENDING
T09614,M4,D3,NONE,NONE,BASELINE,PENDING
T09557,M3,D5,NONE,NONE,IHR_SPCE,PENDING
T08430,M2,D3,NONE,NONE,BASELINE,PENDING
T08162,M1,D5,NONE,NONE,BASELINE,PENDING
T07952,M1,D3,NONE,NONE,IHR_SPCE,PENDING
T10066,M4,D5,NONE,NONE,IHR_SPCE,PENDING
T08990,M2,D5,NONE,NONE,IHR_SPCE,PENDING
T08836,M2,D5,NONE,NONE,BASELINE,PENDING
T08139,M1,D5,NONE,NONE,BASELINE,PENDING
T10174,M4,D5,NONE,NONE,IHR_SPCE,PENDING
T09591,M3,D5,NONE,NONE,IHR_SPCE,PENDING
T09027,M3,D3,NONE,NONE,BASELINE,PENDING
T08493,M2,D3,NONE,NONE,BASELINE,PENDING
T10192,M4,D5,NONE,NONE,IHR_SPCE,PENDING
T10147,M4,D5,NONE,NONE,IHR_SPCE,PENDING
T09407,M3,D5,NONE,NONE,BASELINE,PENDING
T08704,M2,D5,NONE,NONE,BASELINE,PENDING
T09494,M3,D5,NONE,NONE,IHR_SPCE,PENDING
T09007,M3,D3,NONE,NONE,BASELINE,PENDING
T09439,M3,D5,NONE,NONE,BASELINE,PENDING
T08385,M1,D5,NONE,NONE,IHR_SPCE,PENDING
T09608,M4,D3,NONE,NONE,BASELINE,PENDING
T08014,M1,D3,NONE,NONE,IHR_SPCE,PENDING
T09974,M4,D5,NONE,NONE,BASELINE,PENDING
T07919,M1,D3,NONE,NONE,BASELINE,PENDING
T09339,M3,D5,NONE,NONE,BASELINE,PENDING
T10007,M4,D5,NONE,NONE,BASELINE,PENDING
T08086,M1,D3,NONE,NONE,IHR_SPCE,PENDING
T09392,M3,D5,NONE,NONE,BASELINE,PENDING
T09038,M3,D3,NONE,NONE,BASELINE,PENDING
T08435,M2,D3,NONE,NONE,BASELINE,PENDING
T09455,M3,D5,NONE,NONE,IHR_SPCE,PENDING
T09700,M4,D3,NONE,NONE,BASELINE,PENDING
T07906,M1,D3,NONE,NONE,BASELINE,PENDING
T09143,M3,D3,NONE,NONE,BASELINE,PENDING
T09635,M4,D3,NONE,NONE,BASELINE,PENDING
T09133,M3,D3,NONE,NONE,BASELINE,PENDING
T10073,M4,D5,NONE,NONE,IHR_SPCE,PENDING
T08934,M2,D5,NONE,NONE,IHR_SPCE,PENDING
T08401,M2,D3,NONE,NONE,BASELINE,PENDING
T08839,M2,D5,NONE,NONE,BASELINE,PENDING
T07814,M1,D3,NONE,NONE,BASELINE,PENDING
T08563,M2,D3,NONE,NONE,IHR_SPCE,PENDING
T09358,M3,D5,NONE,NONE,BASELINE,PENDING
T08868,M2,D5,NONE,NONE,IHR_SPCE,PENDING
T09129,M3,D3,NONE,NONE,BASELINE,PENDING
T09602,M4,D3,NONE,NONE,BASELINE,PENDING
T07911,M1,D3,NONE,NONE,BASELINE,PENDING
T08049,M1,D3,NONE,NONE,IHR_SPCE,PENDING
T09768,M4,D3,NONE,NONE,IHR_SPCE,PENDING
T09873,M4,D3,NONE,NONE,IHR_SPCE,PENDING
T08070,M1,D3,NONE,NONE,IHR_SPCE,PENDING
T08392,M1,D5,NONE,NONE,IHR_SPCE,PENDING
T09935,M4,D5,NONE,NONE,BASELINE,PENDING
T10010,M4,D5,NONE,NONE,BASELINE,PENDING
T09861,M4,D3,NONE,NONE,IHR_SPCE,PENDING
T09158,M3,D3,NONE,NONE,IHR_SPCE,PENDING
T08845,M2,D5,NONE,NONE,BASELINE,PENDING
T09796,M4,D3,NONE,NONE,IHR_SPCE,PENDING
T08456,M2,D3,NONE,NONE,BASELINE,PENDING
T08160,M1,D5,NONE,NONE,BASELINE,PENDING
T07881,M1,D3,NONE,NONE,BASELINE,PENDING
T07897,M1,D3,NONE,NONE,BASELINE,PENDING
T09355,M3,D5,NONE,NONE,BASELINE,PENDING
T09546,M3,D5,NONE,NONE,IHR_SPCE,PENDING
T09242,M3,D3,NONE,NONE,IHR_SPCE,PENDING
T09492,M3,D5,NONE,NONE,IHR_SPCE,PENDING
T09776,M4,D3,NONE,NONE,IHR_SPCE,PENDING
T09875,M4,D3,NONE,NONE,IHR_SPCE,PENDING
T08640,M2,D3,NONE,NONE,IHR_SPCE,PENDING
T09212,M3,D3,NONE,NONE,IHR_SPCE,PENDING
T08984,M2,D5,NONE,NONE,IHR_SPCE,PENDING
T09848,M4,D3,NONE,NONE,IHR_SPCE,PENDING
T08688,M2,D3,NONE,NONE,IHR_SPCE,PENDING
T07959,M1,D3,NONE,NONE,IHR_SPCE,PENDING
T10061,M4,D5,NONE,NONE,IHR_SPCE,PENDING
T09393,M3,D5,NONE,NONE,BASELINE,PENDING
T08565,M2,D3,NONE,NONE,IHR_SPCE,PENDING
T09316,M3,D5,NONE,NONE,BASELINE,PENDING
T09645,M4,D3,NONE,NONE,BASELINE,PENDING
T08331,M1,D5,NONE,NONE,IHR_SPCE,PENDING
T08393,M1,D5,NONE,NONE,IHR_SPCE,PENDING
T09428,M3,D5,NONE,NONE,BASELINE,PENDING
T08741,M2,D5,NONE,NONE,BASELINE,PENDING
T09569,M3,D5,NONE,NONE,IHR_SPCE,PENDING
T09295,M3,D3,NONE,NONE,IHR_SPCE,PENDING
T08963,M2,D5,NONE,NONE,IHR_SPCE,PENDING
T08418,M2,D3,NONE,NONE,BASELINE,PENDING
T08081,M1,D3,NONE,NONE,IHR_SPCE,PENDING
T08598,M2,D3,NONE,NONE,IHR_SPCE,PENDING
T08478,M2,D3,NONE,NONE,BASELINE,PENDING
T08577,M2,D3,NONE,NONE,IHR_SPCE,PENDING
T09670,M4,D3,NONE,NONE,BASELINE,PENDING
T08740,M2,D5,NONE,NONE,BASELINE,PENDING
T07960,M1,D3,NONE,NONE,IHR_SPCE,PENDING
T09068,M3,D3,NONE,NONE,BASELINE,PENDING
T09290,M3,D3,NONE,NONE,IHR_SPCE,PENDING
T09078,M3,D3,NONE,NONE,BASELINE,PENDING
T09475,M3,D5,NONE,NONE,IHR_SPCE,PENDING
T08919,M2,D5,NONE,NONE,IHR_SPCE,PENDING
T08300,M1,D5,NONE,NONE,IHR_SPCE,PENDING
T09558,M3,D5,NONE,NONE,IHR_SPCE,PENDING
T07813,M1,D3,NONE,NONE,BASELINE,PENDING
T08534,M2,D3,NONE,NONE,BASELINE,PENDING
T08897,M2,D5,NONE,NONE,IHR_SPCE,PENDING
T10101,M4,D5,NONE,NONE,IHR_SPCE,PENDING
T10134,M4,D5,NONE,NONE,IHR_SPCE,PENDING
T09828,M4,D3,NONE,NONE,IHR_SPCE,PENDING
T07962,M1,D3,NONE,NONE,IHR_SPCE,PENDING
T09481,M3,D5,NONE,NONE,IHR_SPCE,PENDING
T09531,M3,D5,NONE,NONE,IHR_SPCE,PENDING
T09743,M4,D3,NONE,NONE,BASELINE,PENDING
T09822,M4,D3,NONE,NONE,IHR_SPCE,PENDING
T09012,M3,D3,NONE,NONE,BASELINE,PENDING
T09486,M3,D5,NONE,NONE,IHR_SPCE,PENDING
T07823,M1,D3,NONE,NONE,BASELINE,PENDING
T10162,M4,D5,NONE,NONE,IHR_SPCE,PENDING
T08914,M2,D5,NONE,NONE,IHR_SPCE,PENDING
T08971,M2,D5,NONE,NONE,IHR_SPCE,PENDING
T08394,M1,D5,NONE,NONE,IHR_SPCE,PENDING
T08650,M2,D3,NONE,NONE,IHR_SPCE,PENDING
T09505,M3,D5,NONE,NONE,IHR_SPCE,PENDING
T08114,M1,D5,NONE,NONE,BASELINE,PENDING
T09150,M3,D3,NONE,NONE,BASELINE,PENDING
T08491,M2,D3,NONE,NONE,BASELINE,PENDING
T09838,M4,D3,NONE,NONE,IHR_SPCE,PENDING
T09747,M4,D3,NONE,NONE,BASELINE,PENDING
T09746,M4,D3,NONE,NONE,BASELINE,PENDING
T09858,M4,D3,NONE,NONE,IHR_SPCE,PENDING
T08733,M2,D5,NONE,NONE,BASELINE,PENDING
T09468,M3,D5,NONE,NONE,IHR_SPCE,PENDING
T08559,M2,D3,NONE,NONE,IHR_SPCE,PENDING
T09302,M3,D5,NONE,NONE,BASELINE,PENDING
T08894,M2,D5,NONE,NONE,IHR_SPCE,PENDING
T08798,M2,D5,NONE,NONE,BASELINE,PENDING
T07941,M1,D3,NONE,NONE,BASELINE,PENDING
T08749,M2,D5,NONE,NONE,BASELINE,PENDING
T08735,M2,D5,NONE,NONE,BASELINE,PENDING
T09597,M3,D5,NONE,NONE,IHR_SPCE,PENDING
T08579,M2,D3,NONE,NONE,IHR_SPCE,PENDING
T08216,M1,D5,NONE,NONE,BASELINE,PENDING
T09218,M3,D3,NONE,NONE,IHR_SPCE,PENDING
T09053,M3,D3,NONE,NONE,BASELINE,PENDING
T08734,M2,D5,NONE,NONE,BASELINE,PENDING
T09438,M3,D5,NONE,NONE,BASELINE,PENDING
T09009,M3,D3,NONE,NONE,BASELINE,PENDING
T09616,M4,D3,NONE,NONE,BASELINE,PENDING
T08567,M2,D3,NONE,NONE,IHR_SPCE,PENDING
T09313,M3,D5,NONE,NONE,BASELINE,PENDING
T09003,M3,D3,NONE,NONE,BASELINE,PENDING
T08083,M1,D3,NONE,NONE,IHR_SPCE,PENDING
T08513,M2,D3,NONE,NONE,BASELINE,PENDING
T10139,M4,D5,NONE,NONE,IHR_SPCE,PENDING
T09899,M4,D3,NONE,NONE,IHR_SPCE,PENDING
T08509,M2,D3,NONE,NONE,BASELINE,PENDING
T09756,M4,D3,NONE,NONE,IHR_SPCE,PENDING
T09246,M3,D3,NONE,NONE,IHR_SPCE,PENDING
T09283,M3,D3,NONE,NONE,IHR_SPCE,PENDING
T09385,M3,D5,NONE,NONE,BASELINE,PENDING
T08747,M2,D5,NONE,NONE,BASELINE,PENDING
T07804,M1,D3,NONE,NONE,BASELINE,PENDING
T08204,M1,D5,NONE,NONE,BASELINE,PENDING
T10130,M4,D5,NONE,NONE,IHR_SPCE,PENDING
T08413,M2,D3,NONE,NONE,BASELINE,PENDING
T09649,M4,D3,NONE,NONE,BASELINE,PENDING
T08924,M2,D5,NONE,NONE,IHR_SPCE,PENDING
T08476,M2,D3,NONE,NONE,BASELINE,PENDING
T08053,M1,D3,NONE,NONE,IHR_SPCE,PENDING
T09598,M3,D5,NONE,NONE,IHR_SPCE,PENDING
T09849,M4,D3,NONE,NONE,IHR_SPCE,PENDING
T08454,M2,D3,NONE,NONE,BASELINE,PENDING
T09594,M3,D5,NONE,NONE,IHR_SPCE,PENDING
T09622,M4,D3,NONE,NONE,BASELINE,PENDING
T10195,M4,D5,NONE,NONE,IHR_SPCE,PENDING
T09835,M4,D3,NONE,NONE,IHR_SPCE,PENDING
T08781,M2,D5,NONE,NONE,BASELINE,PENDING
T09211,M3,D3,NONE,NONE,IHR_SPCE,PENDING
T08552,M2,D3,NONE,NONE,IHR_SPCE,PENDING
T09804,M4,D3,NONE,NONE,IHR_SPCE,PENDING
T08976,M2,D5,NONE,NONE,IHR_SPCE,PENDING
T08993,M2,D5,NONE,NONE,IHR_SPCE,PENDING
T08175,M1,D5,NONE,NONE,BASELINE,PENDING
T07899,M1,D3,NONE,NONE,BASELINE,PENDING
T10164,M4,D5,NONE,NONE,IHR_SPCE,PENDING
T09774,M4,D3,NONE,NONE,IHR_SPCE,PENDING
T08672,M2,D3,NONE,NONE,IHR_SPCE,PENDING
T08828,M2,D5,NONE,NONE,BASELINE,PENDING
T08542,M2,D3,NONE,NONE,BASELINE,PENDING
T10108,M4,D5,NONE,NONE,IHR_SPCE,PENDING
T07999,M1,D3,NONE,NONE,IHR_SPCE,PENDING
T09412,M3,D5,NONE,NONE,BASELINE,PENDING
T09398,M3,D5,NONE,NONE,BASELINE,PENDING
T07993,M1,D3,NONE,NONE,IHR_SPCE,PENDING
T07981,M1,D3,NONE,NONE,IHR_SPCE,PENDING
T08488,M2,D3,NONE,NONE,BASELINE,PENDING
T09997,M4,D5,NONE,NONE,BASELINE,PENDING
T08028,M1,D3,NONE,NONE,IHR_SPCE,PENDING
T08144,M1,D5,NONE,NONE,BASELINE,PENDING
T07816,M1,D3,NONE,NONE,BASELINE,PENDING
T09753,M4,D3,NONE,NONE,IHR_SPCE,PENDING
T07840,M1,D3,NONE,NONE,BASELINE,PENDING
T08374,M1,D5,NONE,NONE,IHR_SPCE,PENDING
T08133,M1,D5,NONE,NONE,BASELINE,PENDING
T08441,M2,D3,NONE,NONE,BASELINE,PENDING
T09754,M4,D3,NONE,NONE,IHR_SPCE,PENDING
T08002,M1,D3,NONE,NONE,IHR_SPCE,PENDING
T09342,M3,D5,NONE,NONE,BASELINE,PENDING
T09377,M3,D5,NONE,NONE,BASELINE,PENDING
T08157,M1,D5,NONE,NONE,BASELINE,PENDING
T09268,M3,D3,NONE,NONE,IHR_SPCE,PENDING
T08012,M1,D3,NONE,NONE,IHR_SPCE,PENDING
T09844,M4,D3,NONE,NONE,IHR_SPCE,PENDING
T09999,M4,D5,NONE,NONE,BASELINE,PENDING
T07805,M1,D3,NONE,NONE,BASELINE,PENDING
T08882,M2,D5,NONE,NONE,IHR_SPCE,PENDING
T09634,M4,D3,NONE,NONE,BASELINE,PENDING
T08659,M2,D3,NONE,NONE,IHR_SPCE,PENDING
T07802,M1,D3,NONE,NONE,BASELINE,PENDING
T08131,M1,D5,NONE,NONE,BASELINE,PENDING
T07869,M1,D3,NONE,NONE,BASELINE,PENDING
T08155,M1,D5,NONE,NONE,BASELINE,PENDING
T08587,M2,D3,NONE,NONE,IHR_SPCE,PENDING
T08760,M2,D5,NONE,NONE,BASELINE,PENDING
T08788,M2,D5,NONE,NONE,BASELINE,PENDING
T08036,M1,D3,NONE,NONE,IHR_SPCE,PENDING
T08221,M1,D5,NONE,NONE,BASELINE,PENDING
T09737,M4,D3,NONE,NONE,BASELINE,PENDING
T09265,M3,D3,NONE,NONE,IHR_SPCE,PENDING
T08140,M1,D5,NONE,NONE,BASELINE,PENDING
T08631,M2,D3,NONE,NONE,IHR_SPCE,PENDING
T08252,M1,D5,NONE,NONE,IHR_SPCE,PENDING
T09253,M3,D3,NONE,NONE,IHR_SPCE,PENDING
T09976,M4,D5,NONE,NONE,BASELINE,PENDING
T08874,M2,D5,NONE,NONE,IHR_SPCE,PENDING
T09885,M4,D3,NONE,NONE,IHR_SPCE,PENDING
T10052,M4,D5,NONE,NONE,IHR_SPCE,PENDING
T09740,M4,D3,NONE,NONE,BASELINE,PENDING
T09299,M3,D3,NONE,NONE,IHR_SPCE,PENDING
T08938,M2,D5,NONE,NONE,IHR_SPCE,PENDING
T09426,M3,D5,NONE,NONE,BASELINE,PENDING
T08059,M1,D3,NONE,NONE,IHR_SPCE,PENDING
T09741,M4,D3,NONE,NONE,BASELINE,PENDING
T08501,M2,D3,NONE,NONE,BASELINE,PENDING
T09688,M4,D3,NONE,NONE,BASELINE,PENDING
T08505,M2,D3,NONE,NONE,BASELINE,PENDING
T09500,M3,D5,NONE,NONE,IHR_SPCE,PENDING
T09851,M4,D3,NONE,NONE,IHR_SPCE,PENDING
T09930,M4,D5,NONE,NONE,BASELINE,PENDING
T08777,M2,D5,NONE,NONE,BASELINE,PENDING
T08611,M2,D3,NONE,NONE,IHR_SPCE,PENDING
T08448,M2,D3,NONE,NONE,BASELINE,PENDING
T08862,M2,D5,NONE,NONE,IHR_SPCE,PENDING
T09703,M4,D3,NONE,NONE,BASELINE,PENDING
T07954,M1,D3,NONE,NONE,IHR_SPCE,PENDING
T07836,M1,D3,NONE,NONE,BASELINE,PENDING
T08089,M1,D3,NONE,NONE,IHR_SPCE,PENDING
T08719,M2,D5,NONE,NONE,BASELINE,PENDING
T09791,M4,D3,NONE,NONE,IHR_SPCE,PENDING
T08957,M2,D5,NONE,NONE,IHR_SPCE,PENDING
T08357,M1,D5,NONE,NONE,IHR_SPCE,PENDING
T08999,M2,D5,NONE,NONE,IHR_SPCE,PENDING
T09196,M3,D3,NONE,NONE,IHR_SPCE,PENDING
T09274,M3,D3,NONE,NONE,IHR_SPCE,PENDING
T09636,M4,D3,NONE,NONE,BASELINE,PENDING
T09326,M3,D5,NONE,NONE,BASELINE,PENDING
T09228,M3,D3,NONE,NONE,IHR_SPCE,PENDING
T08427,M2,D3,NONE,NONE,BASELINE,PENDING
T08881,M2,D5,NONE,NONE,IHR_SPCE,PENDING
T09482,M3,D5,NONE,NONE,IHR_SPCE,PENDING
T08356,M1,D5,NONE,NONE,IHR_SPCE,PENDING
T09610,M4,D3,NONE,NONE,BASELINE,PENDING
T07929,M1,D3,NONE,NONE,BASELINE,PENDING
T08510,M2,D3,NONE,NONE,BASELINE,PENDING
T09675,M4,D3,NONE,NONE,BASELINE,PENDING
T09443,M3,D5,NONE,NONE,BASELINE,PENDING
T08626,M2,D3,NONE,NONE,IHR_SPCE,PENDING
T09912,M4,D5,NONE,NONE,BASELINE,PENDING
T07886,M1,D3,NONE,NONE,BASELINE,PENDING
T09063,M3,D3,NONE,NONE,BASELINE,PENDING
T07949,M1,D3,NONE,NONE,BASELINE,PENDING
T09801,M4,D3,NONE,NONE,IHR_SPCE,PENDING
T08590,M2,D3,NONE,NONE,IHR_SPCE,PENDING
T09872,M4,D3,NONE,NONE,IHR_SPCE,PENDING
T09170,M3,D3,NONE,NONE,IHR_SPCE,PENDING
T07801,M1,D3,NONE,NONE,BASELINE,PENDING
T08841,M2,D5,NONE,NONE,BASELINE,PENDING
T09317,M3,D5,NONE,NONE,BASELINE,PENDING
T09843,M4,D3,NONE,NONE,IHR_SPCE,PENDING
T09220,M3,D3,NONE,NONE,IHR_SPCE,PENDING
T09939,M4,D5,NONE,NONE,BASELINE,PENDING
T09895,M4,D3,NONE,NONE,IHR_SPCE,PENDING
T09454,M3,D5,NONE,NONE,IHR_SPCE,PENDING
T08276,M1,D5,NONE,NONE,IHR_SPCE,PENDING
T09327,M3,D5,NONE,NONE,BASELINE,PENDING
T08879,M2,D5,NONE,NONE,IHR_SPCE,PENDING
T09047,M3,D3,NONE,NONE,BASELINE,PENDING
T07873,M1,D3,NONE,NONE,BASELINE,PENDING
T08201,M1,D5,NONE,NONE,BASELINE,PENDING
T08714,M2,D5,NONE,NONE,BASELINE,PENDING
T08950,M2,D5,NONE,NONE,IHR_SPCE,PENDING
T08126,M1,D5,NONE,NONE,BASELINE,PENDING
T09249,M3,D3,NONE,NONE,IHR_SPCE,PENDING
T09175,M3,D3,NONE,NONE,IHR_SPCE,PENDING
T08029,M1,D3,NONE,NONE,IHR_SPCE,PENDING
T09395,M3,D5,NONE,NONE,BASELINE,PENDING
T08424,M2,D3,NONE,NONE,BASELINE,PENDING
T08643,M2,D3,NONE,NONE,IHR_SPCE,PENDING
T10079,M4,D5,NONE,NONE,IHR_SPCE,PENDING
T08610,M2,D3,NONE,NONE,IHR_SPCE,PENDING
T08503,M2,D3,NONE,NONE,BASELINE,PENDING
T09408,M3,D5,NONE,NONE,BASELINE,PENDING
T10088,M4,D5,NONE,NONE,IHR_SPCE,PENDING
T09978,M4,D5,NONE,NONE,BASELINE,PENDING
T08708,M2,D5,NONE,NONE,BASELINE,PENDING
T10106,M4,D5,NONE,NONE,IHR_SPCE,PENDING
T08792,M2,D5,NONE,NONE,BASELINE,PENDING
T08294,M1,D5,NONE,NONE,IHR_SPCE,PENDING
T09757,M4,D3,NONE,NONE,IHR_SPCE,PENDING
T09991,M4,D5,NONE,NONE,BASELINE,PENDING
T07810,M1,D3,NONE,NONE,BASELINE,PENDING
T08726,M2,D5,NONE,NONE,BASELINE,PENDING
T08268,M1,D5,NONE,NONE,IHR_SPCE,PENDING
T09852,M4,D3,NONE,NONE,IHR_SPCE,PENDING
T08967,M2,D5,NONE,NONE,IHR_SPCE,PENDING
T08307,M1,D5,NONE,NONE,IHR_SPCE,PENDING
T07815,M1,D3,NONE,NONE,BASELINE,PENDING
T09783,M4,D3,NONE,NONE,IHR_SPCE,PENDING
T09414,M3,D5,NONE,NONE,BASELINE,PENDING
T09730,M4,D3,NONE,NONE,BASELINE,PENDING
T08084,M1,D3,NONE,NONE,IHR_SPCE,PENDING
T08808,M2,D5,NONE,NONE,BASELINE,PENDING
T08746,M2,D5,NONE,NONE,BASELINE,PENDING
T07832,M1,D3,NONE,NONE,BASELINE,PENDING
T10008,M4,D5,NONE,NONE,BASELINE,PENDING
T09168,M3,D3,NONE,NONE,IHR_SPCE,PENDING
T08195,M1,D5,NONE,NONE,BASELINE,PENDING
T09185,M3,D3,NONE,NONE,IHR_SPCE,PENDING
T10188,M4,D5,NONE,NONE,IHR_SPCE,PENDING
T08046,M1,D3,NONE,NONE,IHR_SPCE,PENDING
T08008,M1,D3,NONE,NONE,IHR_SPCE,PENDING
T09121,M3,D3,NONE,NONE,BASELINE,PENDING
T09975,M4,D5,NONE,NONE,BASELINE,PENDING
T08185,M1,D5,NONE,NONE,BASELINE,PENDING
T08791,M2,D5,NONE,NONE,BASELINE,PENDING
T08132,M1,D5,NONE,NONE,BASELINE,PENDING
T08223,M1,D5,NONE,NONE,BASELINE,PENDING
T10096,M4,D5,NONE,NONE,IHR_SPCE,PENDING
T08128,M1,D5,NONE,NONE,BASELINE,PENDING
T09892,M4,D3,NONE,NONE,IHR_SPCE,PENDING
T09984,M4,D5,NONE,NONE,BASELINE,PENDING
T09853,M4,D3,NONE,NONE,IHR_SPCE,PENDING
T09817,M4,D3,NONE,NONE,IHR_SPCE,PENDING
T08891,M2,D5,NONE,NONE,IHR_SPCE,PENDING
T07986,M1,D3,NONE,NONE,IHR_SPCE,PENDING
T08398,M1,D5,NONE,NONE,IHR_SPCE,PENDING
T09680,M4,D3,NONE,NONE,BASELINE,PENDING
T09595,M3,D5,NONE,NONE,IHR_SPCE,PENDING
T10116,M4,D5,NONE,NONE,IHR_SPCE,PENDING
T09018,M3,D3,NONE,NONE,BASELINE,PENDING
T10119,M4,D5,NONE,NONE,IHR_SPCE,PENDING
T09251,M3,D3,NONE,NONE,IHR_SPCE,PENDING
T08940,M2,D5,NONE,NONE,IHR_SPCE,PENDING
T08422,M2,D3,NONE,NONE,BASELINE,PENDING
T08570,M2,D3,NONE,NONE,IHR_SPCE,PENDING
T08093,M1,D3,NONE,NONE,IHR_SPCE,PENDING
T10082,M4,D5,NONE,NONE,IHR_SPCE,PENDING
T09473,M3,D5,NONE,NONE,IHR_SPCE,PENDING
T09887,M4,D3,NONE,NONE,IHR_SPCE,PENDING
T09269,M3,D3,NONE,NONE,IHR_SPCE,PENDING
T08064,M1,D3,NONE,NONE,IHR_SPCE,PENDING
T08192,M1,D5,NONE,NONE,BASELINE,PENDING
T08125,M1,D5,NONE,NONE,BASELINE,PENDING
T08585,M2,D3,NONE,NONE,IHR_SPCE,PENDING
T07825,M1,D3,NONE,NONE,BASELINE,PENDING
T09936,M4,D5,NONE,NONE,BASELINE,PENDING
T09338,M3,D5,NONE,NONE,BASELINE,PENDING
T10150,M4,D5,NONE,NONE,IHR_SPCE,PENDING
T08548,M2,D3,NONE,NONE,BASELINE,PENDING
T09451,M3,D5,NONE,NONE,IHR_SPCE,PENDING
T08822,M2,D5,NONE,NONE,BASELINE,PENDING
T09966,M4,D5,NONE,NONE,BASELINE,PENDING
T09982,M4,D5,NONE,NONE,BASELINE,PENDING
T09258,M3,D3,NONE,NONE,IHR_SPCE,PENDING
T08514,M2,D3,NONE,NONE,BASELINE,PENDING
T09022,M3,D3,NONE,NONE,BASELINE,PENDING
T08255,M1,D5,NONE,NONE,IHR_SPCE,PENDING
T09061,M3,D3,NONE,NONE,BASELINE,PENDING
T08883,M2,D5,NONE,NONE,IHR_SPCE,PENDING
T08082,M1,D3,NONE,NONE,IHR_SPCE,PENDING
T09692,M4,D3,NONE,NONE,BASELINE,PENDING
T09536,M3,D5,NONE,NONE,IHR_SPCE,PENDING
T08345,M1,D5,NONE,NONE,IHR_SPCE,PENDING
T08926,M2,D5,NONE,NONE,IHR_SPCE,PENDING
T07820,M1,D3,NONE,NONE,BASELINE,PENDING
T09520,M3,D5,NONE,NONE,IHR_SPCE,PENDING
T09926,M4,D5,NONE,NONE,BASELINE,PENDING
T08925,M2,D5,NONE,NONE,IHR_SPCE,PENDING
T09256,M3,D3,NONE,NONE,IHR_SPCE,PENDING
T08873,M2,D5,NONE,NONE,IHR_SPCE,PENDING
T09942,M4,D5,NONE,NONE,BASELINE,PENDING
T08497,M2,D3,NONE,NONE,BASELINE,PENDING
T08910,M2,D5,NONE,NONE,IHR_SPCE,PENDING
T09425,M3,D5,NONE,NONE,BASELINE,PENDING
T08790,M2,D5,NONE,NONE,BASELINE,PENDING
T08375,M1,D5,NONE,NONE,IHR_SPCE,PENDING
T08117,M1,D5,NONE,NONE,BASELINE,PENDING
T07826,M1,D3,NONE,NONE,BASELINE,PENDING
T07970,M1,D3,NONE,NONE,IHR_SPCE,PENDING
T10049,M4,D5,NONE,NONE,BASELINE,PENDING
T08085,M1,D3,NONE,NONE,IHR_SPCE,PENDING
T09483,M3,D5,NONE,NONE,IHR_SPCE,PENDING
T07847,M1,D3,NONE,NONE,BASELINE,PENDING
T10086,M4,D5,NONE,NONE,IHR_SPCE,PENDING
T09559,M3,D5,NONE,NONE,IHR_SPCE,PENDING
T09021,M3,D3,NONE,NONE,BASELINE,PENDING
T09871,M4,D3,NONE,NONE,IHR_SPCE,PENDING
T08197,M1,D5,NONE,NONE,BASELINE,PENDING
T10154,M4,D5,NONE,NONE,IHR_SPCE,PENDING
T07892,M1,D3,NONE,NONE,BASELINE,PENDING
T08987,M2,D5,NONE,NONE,IHR_SPCE,PENDING
T07953,M1,D3,NONE,NONE,IHR_SPCE,PENDING
T08525,M2,D3,NONE,NONE,BASELINE,PENDING
T10056,M4,D5,NONE,NONE,IHR_SPCE,PENDING
T08272,M1,D5,NONE,NONE,IHR_SPCE,PENDING
T08317,M1,D5,NONE,NONE,IHR_SPCE,PENDING
T08636,M2,D3,NONE,NONE,IHR_SPCE,PENDING
T09254,M3,D3,NONE,NONE,IHR_SPCE,PENDING
T08287,M1,D5,NONE,NONE,IHR_SPCE,PENDING
T09644,M4,D3,NONE,NONE,BASELINE,PENDING
T08737,M2,D5,NONE,NONE,BASELINE,PENDING
T08264,M1,D5,NONE,NONE,IHR_SPCE,PENDING
T09988,M4,D5,NONE,NONE,BASELINE,PENDING
T09596,M3,D5,NONE,NONE,IHR_SPCE,PENDING
T08715,M2,D5,NONE,NONE,BASELINE,PENDING
T09422,M3,D5,NONE,NONE,BASELINE,PENDING
T08228,M1,D5,NONE,NONE,BASELINE,PENDING
T09528,M3,D5,NONE,NONE,IHR_SPCE,PENDING
T09267,M3,D3,NONE,NONE,IHR_SPCE,PENDING
T10033,M4,D5,NONE,NONE,BASELINE,PENDING
T09916,M4,D5,NONE,NONE,BASELINE,PENDING
T09314,M3,D5,NONE,NONE,BASELINE,PENDING
T07803,M1,D3,NONE,NONE,BASELINE,PENDING
T09556,M3,D5,NONE,NONE,IHR_SPCE,PENDING
T07988,M1,D3,NONE,NONE,IHR_SPCE,PENDING
T08933,M2,D5,NONE,NONE,IHR_SPCE,PENDING
T09179,M3,D3,NONE,NONE,IHR_SPCE,PENDING
T08978,M2,D5,NONE,NONE,IHR_SPCE,PENDING
T10138,M4,D5,NONE,NONE,IHR_SPCE,PENDING
T09714,M4,D3,NONE,NONE,BASELINE,PENDING
T08849,M2,D5,NONE,NONE,BASELINE,PENDING
T07946,M1,D3,NONE,NONE,BASELINE,PENDING
T07947,M1,D3,NONE,NONE,BASELINE,PENDING
T09697,M4,D3,NONE,NONE,BASELINE,PENDING
T10074,M4,D5,NONE,NONE,IHR_SPCE,PENDING
T09691,M4,D3,NONE,NONE,BASELINE,PENDING
T10014,M4,D5,NONE,NONE,BASELINE,PENDING
T09542,M3,D5,NONE,NONE,IHR_SPCE,PENDING
T09954,M4,D5,NONE,NONE,BASELINE,PENDING
T08181,M1,D5,NONE,NONE,BASELINE,PENDING
T09222,M3,D3,NONE,NONE,IHR_SPCE,PENDING
T09842,M4,D3,NONE,NONE,IHR_SPCE,PENDING
T09646,M4,D3,NONE,NONE,BASELINE,PENDING
T09532,M3,D5,NONE,NONE,IHR_SPCE,PENDING
T09309,M3,D5,NONE,NONE,BASELINE,PENDING
T08386,M1,D5,NONE,NONE,IHR_SPCE,PENDING
T09098,M3,D3,NONE,NONE,BASELINE,PENDING
T08907,M2,D5,NONE,NONE,IHR_SPCE,PENDING
T07913,M1,D3,NONE,NONE,BASELINE,PENDING
T08219,M1,D5,NONE,NONE,BASELINE,PENDING
T09839,M4,D3,NONE,NONE,IHR_SPCE,PENDING
T07922,M1,D3,NONE,NONE,BASELINE,PENDING
T09410,M3,D5,NONE,NONE,BASELINE,PENDING
T09524,M3,D5,NONE,NONE,IHR_SPCE,PENDING
T09163,M3,D3,NONE,NONE,IHR_SPCE,PENDING
T10021,M4,D5,NONE,NONE,BASELINE,PENDING
T09359,M3,D5,NONE,NONE,BASELINE,PENDING
T09795,M4,D3,NONE,NONE,IHR_SPCE,PENDING
T10004,M4,D5,NONE,NONE,BASELINE,PENDING
T09924,M4,D5,NONE,NONE,BASELINE,PENDING
T08342,M1,D5,NONE,NONE,IHR_SPCE,PENDING
T09405,M3,D5,NONE,NONE,BASELINE,PENDING
T08767,M2,D5,NONE,NONE,BASELINE,PENDING
T09694,M4,D3,NONE,NONE,BASELINE,PENDING
T08851,M2,D5,NONE,NONE,IHR_SPCE,PENDING
T08829,M2,D5,NONE,NONE,BASELINE,PENDING
T10068,M4,D5,NONE,NONE,IHR_SPCE,PENDING
T07948,M1,D3,NONE,NONE,BASELINE,PENDING
T09706,M4,D3,NONE,NONE,BASELINE,PENDING
T08787,M2,D5,NONE,NONE,BASELINE,PENDING
T08302,M1,D5,NONE,NONE,IHR_SPCE,PENDING
T08251,M1,D5,NONE,NONE,IHR_SPCE,PENDING
T08234,M1,D5,NONE,NONE,BASELINE,PENDING
T08452,M2,D3,NONE,NONE,BASELINE,PENDING
T09621,M4,D3,NONE,NONE,BASELINE,PENDING
T09945,M4,D5,NONE,NONE,BASELINE,PENDING
T09100,M3,D3,NONE,NONE,BASELINE,PENDING
T08205,M1,D5,NONE,NONE,BASELINE,PENDING
T08899,M2,D5,NONE,NONE,IHR_SPCE,PENDING
T08373,M1,D5,NONE,NONE,IHR_SPCE,PENDING
T10059,M4,D5,NONE,NONE,IHR_SPCE,PENDING
T09522,M3,D5,NONE,NONE,IHR_SPCE,PENDING
T08339,M1,D5,NONE,NONE,IHR_SPCE,PENDING
T10045,M4,D5,NONE,NONE,BASELINE,PENDING
T07880,M1,D3,NONE,NONE,BASELINE,PENDING
T09565,M3,D5,NONE,NONE,IHR_SPCE,PENDING
T09803,M4,D3,NONE,NONE,IHR_SPCE,PENDING
T09344,M3,D5,NONE,NONE,BASELINE,PENDING
T07934,M1,D3,NONE,NONE,BASELINE,PENDING
T09545,M3,D5,NONE,NONE,IHR_SPCE,PENDING
T07864,M1,D3,NONE,NONE,BASELINE,PENDING
T07895,M1,D3,NONE,NONE,BASELINE,PENDING
T09058,M3,D3,NONE,NONE,BASELINE,PENDING
T09575,M3,D5,NONE,NONE,IHR_SPCE,PENDING
T08236,M1,D5,NONE,NONE,BASELINE,PENDING
T09165,M3,D3,NONE,NONE,IHR_SPCE,PENDING
T07901,M1,D3,NONE,NONE,BASELINE,PENDING
T10185,M4,D5,NONE,NONE,IHR_SPCE,PENDING
T08647,M2,D3,NONE,NONE,IHR_SPCE,PENDING
T09662,M4,D3,NONE,NONE,BASELINE,PENDING
T09850,M4,D3,NONE,NONE,IHR_SPCE,PENDING
T10091,M4,D5,NONE,NONE,IHR_SPCE,PENDING
T08136,M1,D5,NONE,NONE,BASELINE,PENDING
T09431,M3,D5,NONE,NONE,BASELINE,PENDING
T09049,M3,D3,NONE,NONE,BASELINE,PENDING
T10168,M4,D5,NONE,NONE,IHR_SPCE,PENDING
T09071,M3,D3,NONE,NONE,BASELINE,PENDING
T07944,M1,D3,NONE,NONE,BASELINE,PENDING
T09514,M3,D5,NONE,NONE,IHR_SPCE,PENDING
T09584,M3,D5,NONE,NONE,IHR_SPCE,PENDING
T08483,M2,D3,NONE,NONE,BASELINE,PENDING
T08092,M1,D3,NONE,NONE,IHR_SPCE,PENDING
T08107,M1,D5,NONE,NONE,BASELINE,PENDING
T09420,M3,D5,NONE,NONE,BASELINE,PENDING
T09353,M3,D5,NONE,NONE,BASELINE,PENDING
T08909,M2,D5,NONE,NONE,IHR_SPCE,PENDING
T09409,M3,D5,NONE,NONE,BASELINE,PENDING
T09144,M3,D3,NONE,NONE,BASELINE,PENDING
T09642,M4,D3,NONE,NONE,BASELINE,PENDING
T09002,M3,D3,NONE,NONE,BASELINE,PENDING
T08840,M2,D5,NONE,NONE,BASELINE,PENDING
T08042,M1,D3,NONE,NONE,IHR_SPCE,PENDING
T08802,M2,D5,NONE,NONE,BASELINE,PENDING
T08265,M1,D5,NONE,NONE,IHR_SPCE,PENDING
T07806,M1,D3,NONE,NONE,BASELINE,PENDING
T08387,M1,D5,NONE,NONE,IHR_SPCE,PENDING
T09516,M3,D5,NONE,NONE,IHR_SPCE,PENDING
T09684,M4,D3,NONE,NONE,BASELINE,PENDING
T07928,M1,D3,NONE,NONE,BASELINE,PENDING
T08467,M2,D3,NONE,NONE,BASELINE,PENDING
T08753,M2,D5,NONE,NONE,BASELINE,PENDING
T07927,M1,D3,NONE,NONE,BASELINE,PENDING
T10118,M4,D5,NONE,NONE,IHR_SPCE,PENDING
T08691,M2,D3,NONE,NONE,IHR_SPCE,PENDING
T09641,M4,D3,NONE,NONE,BASELINE,PENDING
T08066,M1,D3,NONE,NONE,IHR_SPCE,PENDING
T08651,M2,D3,NONE,NONE,IHR_SPCE,PENDING
T07862,M1,D3,NONE,NONE,BASELINE,PENDING
T09073,M3,D3,NONE,NONE,BASELINE,PENDING
T10064,M4,D5,NONE,NONE,IHR_SPCE,PENDING
T08902,M2,D5,NONE,NONE,IHR_SPCE,PENDING
T08592,M2,D3,NONE,NONE,IHR_SPCE,PENDING
T09352,M3,D5,NONE,NONE,BASELINE,PENDING
T09323,M3,D5,NONE,NONE,BASELINE,PENDING
T10146,M4,D5,NONE,NONE,IHR_SPCE,PENDING
T08353,M1,D5,NONE,NONE,IHR_SPCE,PENDING
T09035,M3,D3,NONE,NONE,BASELINE,PENDING
T07824,M1,D3,NONE,NONE,BASELINE,PENDING
T07964,M1,D3,NONE,NONE,IHR_SPCE,PENDING
T08451,M2,D3,NONE,NONE,BASELINE,PENDING
T08727,M2,D5,NONE,NONE,BASELINE,PENDING
T09271,M3,D3,NONE,NONE,IHR_SPCE,PENDING
T08120,M1,D5,NONE,NONE,BASELINE,PENDING
T08366,M1,D5,NONE,NONE,IHR_SPCE,PENDING
T09779,M4,D3,NONE,NONE,IHR_SPCE,PENDING
T07896,M1,D3,NONE,NONE,BASELINE,PENDING
T09330,M3,D5,NONE,NONE,BASELINE,PENDING
T09095,M3,D3,NONE,NONE,BASELINE,PENDING
T08354,M1,D5,NONE,NONE,IHR_SPCE,PENDING
T09337,M3,D5,NONE,NONE,BASELINE,PENDING
T07930,M1,D3,NONE,NONE,BASELINE,PENDING
T09146,M3,D3,NONE,NONE,BASELINE,PENDING
T08537,M2,D3,NONE,NONE,BASELINE,PENDING
T08543,M2,D3,NONE,NONE,BASELINE,PENDING
T08789,M2,D5,NONE,NONE,BASELINE,PENDING
T08927,M2,D5,NONE,NONE,IHR_SPCE,PENDING
T08351,M1,D5,NONE,NONE,IHR_SPCE,PENDING
T09023,M3,D3,NONE,NONE,BASELINE,PENDING
T08618,M2,D3,NONE,NONE,IHR_SPCE,PENDING
T09421,M3,D5,NONE,NONE,BASELINE,PENDING
T09818,M4,D3,NONE,NONE,IHR_SPCE,PENDING
T08215,M1,D5,NONE,NONE,BASELINE,PENDING
T08465,M2,D3,NONE,NONE,BASELINE,PENDING
T08154,M1,D5,NONE,NONE,BASELINE,PENDING
T10117,M4,D5,NONE,NONE,IHR_SPCE,PENDING
T08680,M2,D3,NONE,NONE,IHR_SPCE,PENDING
T09876,M4,D3,NONE,NONE,IHR_SPCE,PENDING
T09291,M3,D3,NONE,NONE,IHR_SPCE,PENDING
T10184,M4,D5,NONE,NONE,IHR_SPCE,PENDING
T08358,M1,D5,NONE,NONE,IHR_SPCE,PENDING
T09967,M4,D5,NONE,NONE,BASELINE,PENDING
T08460,M2,D3,NONE,NONE,BASELINE,PENDING
T08257,M1,D5,NONE,NONE,IHR_SPCE,PENDING
T09386,M3,D5,NONE,NONE,BASELINE,PENDING
T10126,M4,D5,NONE,NONE,IHR_SPCE,PENDING
T07951,M1,D3,NONE,NONE,IHR_SPCE,PENDING
T08930,M2,D5,NONE,NONE,IHR_SPCE,PENDING
T09082,M3,D3,NONE,NONE,BASELINE,PENDING
T08087,M1,D3,NONE,NONE,IHR_SPCE,PENDING
T09696,M4,D3,NONE,NONE,BASELINE,PENDING
T09052,M3,D3,NONE,NONE,BASELINE,PENDING
T09877,M4,D3,NONE,NONE,IHR_SPCE,PENDING
T08561,M2,D3,NONE,NONE,IHR_SPCE,PENDING
T09831,M4,D3,NONE,NONE,IHR_SPCE,PENDING
T08112,M1,D5,NONE,NONE,BASELINE,PENDING
T10189,M4,D5,NONE,NONE,IHR_SPCE,PENDING
T10194,M4,D5,NONE,NONE,IHR_SPCE,PENDING
T08498,M2,D3,NONE,NONE,BASELINE,PENDING
T10044,M4,D5,NONE,NONE,BASELINE,PENDING
T09472,M3,D5,NONE,NONE,IHR_SPCE,PENDING
T09423,M3,D5,NONE,NONE,BASELINE,PENDING
T09586,M3,D5,NONE,NONE,IHR_SPCE,PENDING
T08638,M2,D3,NONE,NONE,IHR_SPCE,PENDING
T09083,M3,D3,NONE,NONE,BASELINE,PENDING
T09512,M3,D5,NONE,NONE,IHR_SPCE,PENDING
T09223,M3,D3,NONE,NONE,IHR_SPCE,PENDING
T09495,M3,D5,NONE,NONE,IHR_SPCE,PENDING
T08717,M2,D5,NONE,NONE,BASELINE,PENDING
T09581,M3,D5,NONE,NONE,IHR_SPCE,PENDING
T08477,M2,D3,NONE,NONE,BASELINE,PENDING
T07838,M1,D3,NONE,NONE,BASELINE,PENDING
T09799,M4,D3,NONE,NONE,IHR_SPCE,PENDING
T08203,M1,D5,NONE,NONE,BASELINE,PENDING
T07863,M1,D3,NONE,NONE,BASELINE,PENDING
T09830,M4,D3,NONE,NONE,IHR_SPCE,PENDING
T10029,M4,D5,NONE,NONE,BASELINE,PENDING
T08591,M2,D3,NONE,NONE,IHR_SPCE,PENDING
T08212,M1,D5,NONE,NONE,BASELINE,PENDING
T08123,M1,D5,NONE,NONE,BASELINE,PENDING
T08147,M1,D5,NONE,NONE,BASELINE,PENDING
T09375,M3,D5,NONE,NONE,BASELINE,PENDING
T09300,M3,D3,NONE,NONE,IHR_SPCE,PENDING
T09381,M3,D5,NONE,NONE,BASELINE,PENDING
T09965,M4,D5,NONE,NONE,BASELINE,PENDING
T09701,M4,D3,NONE,NONE,BASELINE,PENDING
T09461,M3,D5,NONE,NONE,IHR_SPCE,PENDING
T09131,M3,D3,NONE,NONE,BASELINE,PENDING
T08254,M1,D5,NONE,NONE,IHR_SPCE,PENDING
T07831,M1,D3,NONE,NONE,BASELINE,PENDING
T08843,M2,D5,NONE,NONE,BASELINE,PENDING
T09566,M3,D5,NONE,NONE,IHR_SPCE,PENDING
T08614,M2,D3,NONE,NONE,IHR_SPCE,PENDING
T08329,M1,D5,NONE,NONE,IHR_SPCE,PENDING
T08270,M1,D5,NONE,NONE,IHR_SPCE,PENDING
T09909,M4,D5,NONE,NONE,BASELINE,PENDING
T09162,M3,D3,NONE,NONE,IHR_SPCE,PENDING
T08240,M1,D5,NONE,NONE,BASELINE,PENDING
T10057,M4,D5,NONE,NONE,IHR_SPCE,PENDING
T09798,M4,D3,NONE,NONE,IHR_SPCE,PENDING
T09938,M4,D5,NONE,NONE,BASELINE,PENDING
T08607,M2,D3,NONE,NONE,IHR_SPCE,PENDING
T08232,M1,D5,NONE,NONE,BASELINE,PENDING
T09600,M3,D5,NONE,NONE,IHR_SPCE,PENDING
T09856,M4,D3,NONE,NONE,IHR_SPCE,PENDING
T09904,M4,D5,NONE,NONE,BASELINE,PENDING
T07956,M1,D3,NONE,NONE,IHR_SPCE,PENDING
T08661,M2,D3,NONE,NONE,IHR_SPCE,PENDING
T08481,M2,D3,NONE,NONE,BASELINE,PENDING
T09631,M4,D3,NONE,NONE,BASELINE,PENDING
T09418,M3,D5,NONE,NONE,BASELINE,PENDING
T08225,M1,D5,NONE,NONE,BASELINE,PENDING
T09287,M3,D3,NONE,NONE,IHR_SPCE,PENDING
T08886,M2,D5,NONE,NONE,IHR_SPCE,PENDING
T09477,M3,D5,NONE,NONE,IHR_SPCE,PENDING
T09139,M3,D3,NONE,NONE,BASELINE,PENDING
T10132,M4,D5,NONE,NONE,IHR_SPCE,PENDING
T09142,M3,D3,NONE,NONE,BASELINE,PENDING
T08318,M1,D5,NONE,NONE,IHR_SPCE,PENDING
T09735,M4,D3,NONE,NONE,BASELINE,PENDING
T08150,M1,D5,NONE,NONE,BASELINE,PENDING
T09886,M4,D3,NONE,NONE,IHR_SPCE,PENDING
T09728,M4,D3,NONE,NONE,BASELINE,PENDING
T08827,M2,D5,NONE,NONE,BASELINE,PENDING
T09717,M4,D3,NONE,NONE,BASELINE,PENDING
T09237,M3,D3,NONE,NONE,IHR_SPCE,PENDING
T08664,M2,D3,NONE,NONE,IHR_SPCE,PENDING
T09538,M3,D5,NONE,NONE,IHR_SPCE,PENDING
T09944,M4,D5,NONE,NONE,BASELINE,PENDING
T08250,M1,D5,NONE,NONE,BASELINE,PENDING
T08007,M1,D3,NONE,NONE,IHR_SPCE,PENDING
T09580,M3,D5,NONE,NONE,IHR_SPCE,PENDING
T07942,M1,D3,NONE,NONE,BASELINE,PENDING
T10190,M4,D5,NONE,NONE,IHR_SPCE,PENDING
T10036,M4,D5,NONE,NONE,BASELINE,PENDING
T09206,M3,D3,NONE,NONE,IHR_SPCE,PENDING
T09720,M4,D3,NONE,NONE,BASELINE,PENDING
T09031,M3,D3,NONE,NONE,BASELINE,PENDING
T09673,M4,D3,NONE,NONE,BASELINE,PENDING
T09574,M3,D5,NONE,NONE,IHR_SPCE,PENDING
T08311,M1,D5,NONE,NONE,IHR_SPCE,PENDING
T08923,M2,D5,NONE,NONE,IHR_SPCE,PENDING
T09115,M3,D3,NONE,NONE,BASELINE,PENDING
T08253,M1,D5,NONE,NONE,IHR_SPCE,PENDING
T09123,M3,D3,NONE,NONE,BASELINE,PENDING
T08100,M1,D3,NONE,NONE,IHR_SPCE,PENDING
T08546,M2,D3,NONE,NONE,BASELINE,PENDING
T08785,M2,D5,NONE,NONE,BASELINE,PENDING
T09802,M4,D3,NONE,NONE,IHR_SPCE,PENDING
T08844,M2,D5,NONE,NONE,BASELINE,PENDING
T09553,M3,D5,NONE,NONE,IHR_SPCE,PENDING
T08446,M2,D3,NONE,NONE,BASELINE,PENDING
T08948,M2,D5,NONE,NONE,IHR_SPCE,PENDING
T07908,M1,D3,NONE,NONE,BASELINE,PENDING
T09076,M3,D3,NONE,NONE,BASELINE,PENDING
T09108,M3,D3,NONE,NONE,BASELINE,PENDING
T08804,M2,D5,NONE,NONE,BASELINE,PENDING
T09560,M3,D5,NONE,NONE,IHR_SPCE,PENDING
T08847,M2,D5,NONE,NONE,BASELINE,PENDING
T09585,M3,D5,NONE,NONE,IHR_SPCE,PENDING
T08700,M2,D3,NONE,NONE,IHR_SPCE,PENDING
T09630,M4,D3,NONE,NONE,BASELINE,PENDING
T09318,M3,D5,NONE,NONE,BASELINE,PENDING
T08601,M2,D3,NONE,NONE,IHR_SPCE,PENDING
T09072,M3,D3,NONE,NONE,BASELINE,PENDING
T09669,M4,D3,NONE,NONE,BASELINE,PENDING
T09526,M3,D5,NONE,NONE,IHR_SPCE,PENDING
T09252,M3,D3,NONE,NONE,IHR_SPCE,PENDING
T09195,M3,D3,NONE,NONE,IHR_SPCE,PENDING
T08889,M2,D5,NONE,NONE,IHR_SPCE,PENDING
T09655,M4,D3,NONE,NONE,BASELINE,PENDING
T07852,M1,D3,NONE,NONE,BASELINE,PENDING
T08524,M2,D3,NONE,NONE,BASELINE,PENDING
T09127,M3,D3,NONE,NONE,BASELINE,PENDING
T08486,M2,D3,NONE,NONE,BASELINE,PENDING
T09467,M3,D5,NONE,NONE,IHR_SPCE,PENDING
T09884,M4,D3,NONE,NONE,IHR_SPCE,PENDING
T08695,M2,D3,NONE,NONE,IHR_SPCE,PENDING
T09562,M3,D5,NONE,NONE,IHR_SPCE,PENDING
T09593,M3,D5,NONE,NONE,IHR_SPCE,PENDING
T09989,M4,D5,NONE,NONE,BASELINE,PENDING
T08718,M2,D5,NONE,NONE,BASELINE,PENDING
T09217,M3,D3,NONE,NONE,IHR_SPCE,PENDING
T08754,M2,D5,NONE,NONE,BASELINE,PENDING
T09272,M3,D3,NONE,NONE,IHR_SPCE,PENDING
T09773,M4,D3,NONE,NONE,IHR_SPCE,PENDING
T09200,M3,D3,NONE,NONE,IHR_SPCE,PENDING
T09292,M3,D3,NONE,NONE,IHR_SPCE,PENDING
T08164,M1,D5,NONE,NONE,BASELINE,PENDING
T08604,M2,D3,NONE,NONE,IHR_SPCE,PENDING
T09805,M4,D3,NONE,NONE,IHR_SPCE,PENDING
T09719,M4,D3,NONE,NONE,BASELINE,PENDING
T08299,M1,D5,NONE,NONE,IHR_SPCE,PENDING
T09348,M3,D5,NONE,NONE,BASELINE,PENDING
T09088,M3,D3,NONE,NONE,BASELINE,PENDING
T07924,M1,D3,NONE,NONE,BASELINE,PENDING
T09399,M3,D5,NONE,NONE,BASELINE,PENDING
T08433,M2,D3,NONE,NONE,BASELINE,PENDING
T09962,M4,D5,NONE,NONE,BASELINE,PENDING
T08241,M1,D5,NONE,NONE,BASELINE,PENDING
T09190,M3,D3,NONE,NONE,IHR_SPCE,PENDING
T07866,M1,D3,NONE,NONE,BASELINE,PENDING
T08627,M2,D3,NONE,NONE,IHR_SPCE,PENDING
T09055,M3,D3,NONE,NONE,BASELINE,PENDING
T09347,M3,D5,NONE,NONE,BASELINE,PENDING
T08716,M2,D5,NONE,NONE,BASELINE,PENDING
T09465,M3,D5,NONE,NONE,IHR_SPCE,PENDING
T08648,M2,D3,NONE,NONE,IHR_SPCE,PENDING
T07979,M1,D3,NONE,NONE,IHR_SPCE,PENDING
T09678,M4,D3,NONE,NONE,BASELINE,PENDING
T09865,M4,D3,NONE,NONE,IHR_SPCE,PENDING
T08166,M1,D5,NONE,NONE,BASELINE,PENDING
T08068,M1,D3,NONE,NONE,IHR_SPCE,PENDING
T10048,M4,D5,NONE,NONE,BASELINE,PENDING
T08915,M2,D5,NONE,NONE,IHR_SPCE,PENDING
T07819,M1,D3,NONE,NONE,BASELINE,PENDING
T07849,M1,D3,NONE,NONE,BASELINE,PENDING
T09711,M4,D3,NONE,NONE,BASELINE,PENDING
T08015,M1,D3,NONE,NONE,IHR_SPCE,PENDING
T09178,M3,D3,NONE,NONE,IHR_SPCE,PENDING
T08111,M1,D5,NONE,NONE,BASELINE,PENDING
T08306,M1,D5,NONE,NONE,IHR_SPCE,PENDING
T08226,M1,D5,NONE,NONE,BASELINE,PENDING
T10121,M4,D5,NONE,NONE,IHR_SPCE,PENDING
T07904,M1,D3,NONE,NONE,BASELINE,PENDING
T08304,M1,D5,NONE,NONE,IHR_SPCE,PENDING
T08885,M2,D5,NONE,NONE,IHR_SPCE,PENDING
T08900,M2,D5,NONE,NONE,IHR_SPCE,PENDING
T09518,M3,D5,NONE,NONE,IHR_SPCE,PENDING
T09906,M4,D5,NONE,NONE,BASELINE,PENDING
T09725,M4,D3,NONE,NONE,BASELINE,PENDING
T08295,M1,D5,NONE,NONE,IHR_SPCE,PENDING
T09378,M3,D5,NONE,NONE,BASELINE,PENDING
T07889,M1,D3,NONE,NONE,BASELINE,PENDING
T09729,M4,D3,NONE,NONE,BASELINE,PENDING
T08508,M2,D3,NONE,NONE,BASELINE,PENDING
T08090,M1,D3,NONE,NONE,IHR_SPCE,PENDING
T08013,M1,D3,NONE,NONE,IHR_SPCE,PENDING
T08437,M2,D3,NONE,NONE,BASELINE,PENDING
T08951,M2,D5,NONE,NONE,IHR_SPCE,PENDING
T08831,M2,D5,NONE,NONE,BASELINE,PENDING
T09255,M3,D3,NONE,NONE,IHR_SPCE,PENDING
T09334,M3,D5,NONE,NONE,BASELINE,PENDING
T08616,M2,D3,NONE,NONE,IHR_SPCE,PENDING
T08169,M1,D5,NONE,NONE,BASELINE,PENDING
T08974,M2,D5,NONE,NONE,IHR_SPCE,PENDING
T09940,M4,D5,NONE,NONE,BASELINE,PENDING
T09480,M3,D5,NONE,NONE,IHR_SPCE,PENDING
T09065,M3,D3,NONE,NONE,BASELINE,PENDING
T08654,M2,D3,NONE,NONE,IHR_SPCE,PENDING
T10142,M4,D5,NONE,NONE,IHR_SPCE,PENDING
T09551,M3,D5,NONE,NONE,IHR_SPCE,PENDING
T08200,M1,D5,NONE,NONE,BASELINE,PENDING
T08529,M2,D3,NONE,NONE,BASELINE,PENDING
T08541,M2,D3,NONE,NONE,BASELINE,PENDING
T08101,M1,D5,NONE,NONE,BASELINE,PENDING
T09057,M3,D3,NONE,NONE,BASELINE,PENDING
T09548,M3,D5,NONE,NONE,IHR_SPCE,PENDING
T08280,M1,D5,NONE,NONE,IHR_SPCE,PENDING
T08473,M2,D3,NONE,NONE,BASELINE,PENDING
T10153,M4,D5,NONE,NONE,IHR_SPCE,PENDING
T09534,M3,D5,NONE,NONE,IHR_SPCE,PENDING
T08674,M2,D3,NONE,NONE,IHR_SPCE,PENDING
T09657,M4,D3,NONE,NONE,BASELINE,PENDING
T09539,M3,D5,NONE,NONE,IHR_SPCE,PENDING
T09105,M3,D3,NONE,NONE,BASELINE,PENDING
T08502,M2,D3,NONE,NONE,BASELINE,PENDING
T08731,M2,D5,NONE,NONE,BASELINE,PENDING
T09651,M4,D3,NONE,NONE,BASELINE,PENDING
T09607,M4,D3,NONE,NONE,BASELINE,PENDING
T09118,M3,D3,NONE,NONE,BASELINE,PENDING
T09506,M3,D5,NONE,NONE,IHR_SPCE,PENDING
T08249,M1,D5,NONE,NONE,BASELINE,PENDING
T10002,M4,D5,NONE,NONE,BASELINE,PENDING
T09388,M3,D5,NONE,NONE,BASELINE,PENDING
T09491,M3,D5,NONE,NONE,IHR_SPCE,PENDING
T09288,M3,D3,NONE,NONE,IHR_SPCE,PENDING
T08095,M1,D3,NONE,NONE,IHR_SPCE,PENDING
T07966,M1,D3,NONE,NONE,IHR_SPCE,PENDING
T09141,M3,D3,NONE,NONE,BASELINE,PENDING
T09332,M3,D5,NONE,NONE,BASELINE,PENDING
T09573,M3,D5,NONE,NONE,IHR_SPCE,PENDING
T09915,M4,D5,NONE,NONE,BASELINE,PENDING
T09297,M3,D3,NONE,NONE,IHR_SPCE,PENDING
T10140,M4,D5,NONE,NONE,IHR_SPCE,PENDING
T09530,M3,D5,NONE,NONE,IHR_SPCE,PENDING
T08438,M2,D3,NONE,NONE,BASELINE,PENDING
T09434,M3,D5,NONE,NONE,BASELINE,PENDING
T09093,M3,D3,NONE,NONE,BASELINE,PENDING
T08770,M2,D5,NONE,NONE,BASELINE,PENDING
T08655,M2,D3,NONE,NONE,IHR_SPCE,PENDING
T09437,M3,D5,NONE,NONE,BASELINE,PENDING
T09366,M3,D5,NONE,NONE,BASELINE,PENDING
T09663,M4,D3,NONE,NONE,BASELINE,PENDING
T08861,M2,D5,NONE,NONE,IHR_SPCE,PENDING
T09489,M3,D5,NONE,NONE,IHR_SPCE,PENDING
T07925,M1,D3,NONE,NONE,BASELINE,PENDING
T08275,M1,D5,NONE,NONE,IHR_SPCE,PENDING
T08800,M2,D5,NONE,NONE,BASELINE,PENDING
T09690,M4,D3,NONE,NONE,BASELINE,PENDING
T08619,M2,D3,NONE,NONE,IHR_SPCE,PENDING
T09609,M4,D3,NONE,NONE,BASELINE,PENDING
T09387,M3,D5,NONE,NONE,BASELINE,PENDING
T09391,M3,D5,NONE,NONE,BASELINE,PENDING
T09785,M4,D3,NONE,NONE,IHR_SPCE,PENDING
T10000,M4,D5,NONE,NONE,BASELINE,PENDING
T08685,M2,D3,NONE,NONE,IHR_SPCE,PENDING
T08011,M1,D3,NONE,NONE,IHR_SPCE,PENDING
T09281,M3,D3,NONE,NONE,IHR_SPCE,PENDING
T08484,M2,D3,NONE,NONE,BASELINE,PENDING
T07905,M1,D3,NONE,NONE,BASELINE,PENDING
T08603,M2,D3,NONE,NONE,IHR_SPCE,PENDING
T08404,M2,D3,NONE,NONE,BASELINE,PENDING
T08213,M1,D5,NONE,NONE,BASELINE,PENDING
T08297,M1,D5,NONE,NONE,IHR_SPCE,PENDING
T08721,M2,D5,NONE,NONE,BASELINE,PENDING
T09656,M4,D3,NONE,NONE,BASELINE,PENDING
T08766,M2,D5,NONE,NONE,BASELINE,PENDING
T09197,M3,D3,NONE,NONE,IHR_SPCE,PENDING
T08712,M2,D5,NONE,NONE,BASELINE,PENDING
T09666,M4,D3,NONE,NONE,BASELINE,PENDING
T08141,M1,D5,NONE,NONE,BASELINE,PENDING
T09435,M3,D5,NONE,NONE,BASELINE,PENDING
T07845,M1,D3,NONE,NONE,BASELINE,PENDING
T09389,M3,D5,NONE,NONE,BASELINE,PENDING
T08771,M2,D5,NONE,NONE,BASELINE,PENDING
T09050,M3,D3,NONE,NONE,BASELINE,PENDING
T09006,M3,D3,NONE,NONE,BASELINE,PENDING
T09278,M3,D3,NONE,NONE,IHR_SPCE,PENDING
T07977,M1,D3,NONE,NONE,IHR_SPCE,PENDING
T09296,M3,D3,NONE,NONE,IHR_SPCE,PENDING
T09079,M3,D3,NONE,NONE,BASELINE,PENDING
T09840,M4,D3,NONE,NONE,IHR_SPCE,PENDING
T08098,M1,D3,NONE,NONE,IHR_SPCE,PENDING
T08786,M2,D5,NONE,NONE,BASELINE,PENDING
T08229,M1,D5,NONE,NONE,BASELINE,PENDING
T09672,M4,D3,NONE,NONE,BASELINE,PENDING
T08186,M1,D5,NONE,NONE,BASELINE,PENDING
T07833,M1,D3,NONE,NONE,BASELINE,PENDING
T09356,M3,D5,NONE,NONE,BASELINE,PENDING
T09169,M3,D3,NONE,NONE,IHR_SPCE,PENDING
T09744,M4,D3,NONE,NONE,BASELINE,PENDING
T08077,M1,D3,NONE,NONE,IHR_SPCE,PENDING
T08057,M1,D3,NONE,NONE,IHR_SPCE,PENDING
T07980,M1,D3,NONE,NONE,IHR_SPCE,PENDING
T09243,M3,D3,NONE,NONE,IHR_SPCE,PENDING
T09571,M3,D5,NONE,NONE,IHR_SPCE,PENDING
T09234,M3,D3,NONE,NONE,IHR_SPCE,PENDING
T10133,M4,D5,NONE,NONE,IHR_SPCE,PENDING
T08797,M2,D5,NONE,NONE,BASELINE,PENDING
T08630,M2,D3,NONE,NONE,IHR_SPCE,PENDING
T10016,M4,D5,NONE,NONE,BASELINE,PENDING
T10187,M4,D5,NONE,NONE,IHR_SPCE,PENDING
T09825,M4,D3,NONE,NONE,IHR_SPCE,PENDING
T09992,M4,D5,NONE,NONE,BASELINE,PENDING
T08039,M1,D3,NONE,NONE,IHR_SPCE,PENDING
T09239,M3,D3,NONE,NONE,IHR_SPCE,PENDING
T09588,M3,D5,NONE,NONE,IHR_SPCE,PENDING
T09639,M4,D3,NONE,NONE,BASELINE,PENDING
T08895,M2,D5,NONE,NONE,IHR_SPCE,PENDING
T09432,M3,D5,NONE,NONE,BASELINE,PENDING
T09020,M3,D3,NONE,NONE,BASELINE,PENDING
T08332,M1,D5,NONE,NONE,IHR_SPCE,PENDING
T07961,M1,D3,NONE,NONE,IHR_SPCE,PENDING
T09807,M4,D3,NONE,NONE,IHR_SPCE,PENDING
T09004,M3,D3,NONE,NONE,BASELINE,PENDING
T08184,M1,D5,NONE,NONE,BASELINE,PENDING
T08955,M2,D5,NONE,NONE,IHR_SPCE,PENDING
T08343,M1,D5,NONE,NONE,IHR_SPCE,PENDING
T09632,M4,D3,NONE,NONE,BASELINE,PENDING
T09943,M4,D5,NONE,NONE,BASELINE,PENDING
T09232,M3,D3,NONE,NONE,IHR_SPCE,PENDING
T09275,M3,D3,NONE,NONE,IHR_SPCE,PENDING
T09403,M3,D5,NONE,NONE,BASELINE,PENDING
T07971,M1,D3,NONE,NONE,IHR_SPCE,PENDING
T10148,M4,D5,NONE,NONE,IHR_SPCE,PENDING
T09374,M3,D5,NONE,NONE,BASELINE,PENDING
T08174,M1,D5,NONE,NONE,BASELINE,PENDING
T09436,M3,D5,NONE,NONE,BASELINE,PENDING
T09193,M3,D3,NONE,NONE,IHR_SPCE,PENDING
T08034,M1,D3,NONE,NONE,IHR_SPCE,PENDING
T07834,M1,D3,NONE,NONE,BASELINE,PENDING
T09104,M3,D3,NONE,NONE,BASELINE,PENDING
T10197,M4,D5,NONE,NONE,IHR_SPCE,PENDING
T08322,M1,D5,NONE,NONE,IHR_SPCE,PENDING
T08528,M2,D3,NONE,NONE,BASELINE,PENDING
T09294,M3,D3,NONE,NONE,IHR_SPCE,PENDING
T10127,M4,D5,NONE,NONE,IHR_SPCE,PENDING
T09028,M3,D3,NONE,NONE,BASELINE,PENDING
T09709,M4,D3,NONE,NONE,BASELINE,PENDING
T08671,M2,D3,NONE,NONE,IHR_SPCE,PENDING
T08846,M2,D5,NONE,NONE,BASELINE,PENDING
T08021,M1,D3,NONE,NONE,IHR_SPCE,PENDING
T08956,M2,D5,NONE,NONE,IHR_SPCE,PENDING
T09577,M3,D5,NONE,NONE,IHR_SPCE,PENDING
T09660,M4,D3,NONE,NONE,BASELINE,PENDING
T08929,M2,D5,NONE,NONE,IHR_SPCE,PENDING
T09493,M3,D5,NONE,NONE,IHR_SPCE,PENDING
T10023,M4,D5,NONE,NONE,BASELINE,PENDING
T08676,M2,D3,NONE,NONE,IHR_SPCE,PENDING
T08872,M2,D5,NONE,NONE,IHR_SPCE,PENDING
T08310,M1,D5,NONE,NONE,IHR_SPCE,PENDING
T09780,M4,D3,NONE,NONE,IHR_SPCE,PENDING
T09090,M3,D3,NONE,NONE,BASELINE,PENDING
T09116,M3,D3,NONE,NONE,BASELINE,PENDING
T08416,M2,D3,NONE,NONE,BASELINE,PENDING
T08779,M2,D5,NONE,NONE,BASELINE,PENDING
T07963,M1,D3,NONE,NONE,IHR_SPCE,PENDING
T08696,M2,D3,NONE,NONE,IHR_SPCE,PENDING
T09101,M3,D3,NONE,NONE,BASELINE,PENDING
T09761,M4,D3,NONE,NONE,IHR_SPCE,PENDING
T09583,M3,D5,NONE,NONE,IHR_SPCE,PENDING
T08875,M2,D5,NONE,NONE,IHR_SPCE,PENDING
T08880,M2,D5,NONE,NONE,IHR_SPCE,PENDING
T08815,M2,D5,NONE,NONE,BASELINE,PENDING
T08118,M1,D5,NONE,NONE,BASELINE,PENDING
T09171,M3,D3,NONE,NONE,IHR_SPCE,PENDING
T08750,M2,D5,NONE,NONE,BASELINE,PENDING
T08500,M2,D3,NONE,NONE,BASELINE,PENDING
T08852,M2,D5,NONE,NONE,IHR_SPCE,PENDING
T07883,M1,D3,NONE,NONE,BASELINE,PENDING
T07991,M1,D3,NONE,NONE,IHR_SPCE,PENDING
T08673,M2,D3,NONE,NONE,IHR_SPCE,PENDING
T08690,M2,D3,NONE,NONE,IHR_SPCE,PENDING
T08182,M1,D5,NONE,NONE,BASELINE,PENDING
T08555,M2,D3,NONE,NONE,IHR_SPCE,PENDING
T09260,M3,D3,NONE,NONE,IHR_SPCE,PENDING
T09277,M3,D3,NONE,NONE,IHR_SPCE,PENDING
T09134,M3,D3,NONE,NONE,BASELINE,PENDING
T09040,M3,D3,NONE,NONE,BASELINE,PENDING
T08350,M1,D5,NONE,NONE,IHR_SPCE,PENDING
T08776,M2,D5,NONE,NONE,BASELINE,PENDING
T08595,M2,D3,NONE,NONE,IHR_SPCE,PENDING
T08713,M2,D5,NONE,NONE,BASELINE,PENDING
T09685,M4,D3,NONE,NONE,BASELINE,PENDING
T09470,M3,D5,NONE,NONE,IHR_SPCE,PENDING
T08850,M2,D5,NONE,NONE,BASELINE,PENDING
T09404,M3,D5,NONE,NONE,BASELINE,PENDING
T07997,M1,D3,NONE,NONE,IHR_SPCE,PENDING
T08536,M2,D3,NONE,NONE,BASELINE,PENDING
T10159,M4,D5,NONE,NONE,IHR_SPCE,PENDING
T09394,M3,D5,NONE,NONE,BASELINE,PENDING
T08686,M2,D3,NONE,NONE,IHR_SPCE,PENDING
T08806,M2,D5,NONE,NONE,BASELINE,PENDING
T08412,M2,D3,NONE,NONE,BASELINE,PENDING
T08047,M1,D3,NONE,NONE,IHR_SPCE,PENDING
T10151,M4,D5,NONE,NONE,IHR_SPCE,PENDING
T09883,M4,D3,NONE,NONE,IHR_SPCE,PENDING
T08625,M2,D3,NONE,NONE,IHR_SPCE,PENDING
T10041,M4,D5,NONE,NONE,BASELINE,PENDING
T08134,M1,D5,NONE,NONE,BASELINE,PENDING
T08227,M1,D5,NONE,NONE,BASELINE,PENDING
T09201,M3,D3,NONE,NONE,IHR_SPCE,PENDING
T09182,M3,D3,NONE,NONE,IHR_SPCE,PENDING
T09932,M4,D5,NONE,NONE,BASELINE,PENDING
T08292,M1,D5,NONE,NONE,IHR_SPCE,PENDING
T08165,M1,D5,NONE,NONE,BASELINE,PENDING
T08323,M1,D5,NONE,NONE,IHR_SPCE,PENDING
T09985,M4,D5,NONE,NONE,BASELINE,PENDING
T07990,M1,D3,NONE,NONE,IHR_SPCE,PENDING
T08582,M2,D3,NONE,NONE,IHR_SPCE,PENDING
T08921,M2,D5,NONE,NONE,IHR_SPCE,PENDING
T07945,M1,D3,NONE,NONE,BASELINE,PENDING
T09371,M3,D5,NONE,NONE,BASELINE,PENDING
T08462,M2,D3,NONE,NONE,BASELINE,PENDING
T09085,M3,D3,NONE,NONE,BASELINE,PENDING
T07900,M1,D3,NONE,NONE,BASELINE,PENDING
T08233,M1,D5,NONE,NONE,BASELINE,PENDING
T08065,M1,D3,NONE,NONE,IHR_SPCE,PENDING
T10193,M4,D5,NONE,NONE,IHR_SPCE,PENDING
T10077,M4,D5,NONE,NONE,IHR_SPCE,PENDING
T08728,M2,D5,NONE,NONE,BASELINE,PENDING
T07890,M1,D3,NONE,NONE,BASELINE,PENDING
T09658,M4,D3,NONE,NONE,BASELINE,PENDING
T07812,M1,D3,NONE,NONE,BASELINE,PENDING
T08352,M1,D5,NONE,NONE,IHR_SPCE,PENDING
T09996,M4,D5,NONE,NONE,BASELINE,PENDING
T08783,M2,D5,NONE,NONE,BASELINE,PENDING
T08743,M2,D5,NONE,NONE,BASELINE,PENDING
T07967,M1,D3,NONE,NONE,IHR_SPCE,PENDING
T10020,M4,D5,NONE,NONE,BASELINE,PENDING
T09931,M4,D5,NONE,NONE,BASELINE,PENDING
T09138,M3,D3,NONE,NONE,BASELINE,PENDING
T08018,M1,D3,NONE,NONE,IHR_SPCE,PENDING
T09578,M3,D5,NONE,NONE,IHR_SPCE,PENDING
T08566,M2,D3,NONE,NONE,IHR_SPCE,PENDING
T08608,M2,D3,NONE,NONE,IHR_SPCE,PENDING
T09713,M4,D3,NONE,NONE,BASELINE,PENDING
T09582,M3,D5,NONE,NONE,IHR_SPCE,PENDING
T07854,M1,D3,NONE,NONE,BASELINE,PENDING
T08474,M2,D3,NONE,NONE,BASELINE,PENDING
T10107,M4,D5,NONE,NONE,IHR_SPCE,PENDING
T09674,M4,D3,NONE,NONE,BASELINE,PENDING
T09311,M3,D5,NONE,NONE,BASELINE,PENDING
T09469,M3,D5,NONE,NONE,IHR_SPCE,PENDING
T08653,M2,D3,NONE,NONE,IHR_SPCE,PENDING
T09044,M3,D3,NONE,NONE,BASELINE,PENDING
T09203,M3,D3,NONE,NONE,IHR_SPCE,PENDING
T08878,M2,D5,NONE,NONE,IHR_SPCE,PENDING
T09821,M4,D3,NONE,NONE,IHR_SPCE,PENDING
T09570,M3,D5,NONE,NONE,IHR_SPCE,PENDING
T09136,M3,D3,NONE,NONE,BASELINE,PENDING
T09000,M2,D5,NONE,NONE,IHR_SPCE,PENDING
T08954,M2,D5,NONE,NONE,IHR_SPCE,PENDING
T09384,M3,D5,NONE,NONE,BASELINE,PENDING
T08842,M2,D5,NONE,NONE,BASELINE,PENDING
T08145,M1,D5,NONE,NONE,BASELINE,PENDING
T09650,M4,D3,NONE,NONE,BASELINE,PENDING
T08382,M1,D5,NONE,NONE,IHR_SPCE,PENDING
T08218,M1,D5,NONE,NONE,BASELINE,PENDING
T07992,M1,D3,NONE,NONE,IHR_SPCE,PENDING
T08516,M2,D3,NONE,NONE,BASELINE,PENDING
T09790,M4,D3,NONE,NONE,IHR_SPCE,PENDING
T08104,M1,D5,NONE,NONE,BASELINE,PENDING
T08031,M1,D3,NONE,NONE,IHR_SPCE,PENDING
T09103,M3,D3,NONE,NONE,BASELINE,PENDING
T08738,M2,D5,NONE,NONE,BASELINE,PENDING
T08794,M2,D5,NONE,NONE,BASELINE,PENDING
T08949,M2,D5,NONE,NONE,IHR_SPCE,PENDING
T08531,M2,D3,NONE,NONE,BASELINE,PENDING
T08705,M2,D5,NONE,NONE,BASELINE,PENDING
T09778,M4,D3,NONE,NONE,IHR_SPCE,PENDING
T09589,M3,D5,NONE,NONE,IHR_SPCE,PENDING
T08038,M1,D3,NONE,NONE,IHR_SPCE,PENDING
T09390,M3,D5,NONE,NONE,BASELINE,PENDING
T08757,M2,D5,NONE,NONE,BASELINE,PENDING
T08135,M1,D5,NONE,NONE,BASELINE,PENDING
T09184,M3,D3,NONE,NONE,IHR_SPCE,PENDING
T08764,M2,D5,NONE,NONE,BASELINE,PENDING
T10013,M4,D5,NONE,NONE,BASELINE,PENDING
T08176,M1,D5,NONE,NONE,BASELINE,PENDING
T08271,M1,D5,NONE,NONE,IHR_SPCE,PENDING
T10196,M4,D5,NONE,NONE,IHR_SPCE,PENDING
T08105,M1,D5,NONE,NONE,BASELINE,PENDING
T09758,M4,D3,NONE,NONE,IHR_SPCE,PENDING
T10069,M4,D5,NONE,NONE,IHR_SPCE,PENDING
T08702,M2,D5,NONE,NONE,BASELINE,PENDING
T10039,M4,D5,NONE,NONE,BASELINE,PENDING
T08110,M1,D5,NONE,NONE,BASELINE,PENDING
T09941,M4,D5,NONE,NONE,BASELINE,PENDING
T08447,M2,D3,NONE,NONE,BASELINE,PENDING
T08138,M1,D5,NONE,NONE,BASELINE,PENDING
T10009,M4,D5,NONE,NONE,BASELINE,PENDING
T09092,M3,D3,NONE,NONE,BASELINE,PENDING
T08859,M2,D5,NONE,NONE,IHR_SPCE,PENDING
T10115,M4,D5,NONE,NONE,IHR_SPCE,PENDING
T09841,M4,D3,NONE,NONE,IHR_SPCE,PENDING
T09590,M3,D5,NONE,NONE,IHR_SPCE,PENDING
T09511,M3,D5,NONE,NONE,IHR_SPCE,PENDING
T08681,M2,D3,NONE,NONE,IHR_SPCE,PENDING
T08539,M2,D3,NONE,NONE,BASELINE,PENDING
T08376,M1,D5,NONE,NONE,IHR_SPCE,PENDING
T09442,M3,D5,NONE,NONE,BASELINE,PENDING
T08062,M1,D3,NONE,NONE,IHR_SPCE,PENDING
T10128,M4,D5,NONE,NONE,IHR_SPCE,PENDING
T09341,M3,D5,NONE,NONE,BASELINE,PENDING
T09946,M4,D5,NONE,NONE,BASELINE,PENDING
T09106,M3,D3,NONE,NONE,BASELINE,PENDING
T08091,M1,D3,NONE,NONE,IHR_SPCE,PENDING
T09463,M3,D5,NONE,NONE,IHR_SPCE,PENDING
T08887,M2,D5,NONE,NONE,IHR_SPCE,PENDING
T09484,M3,D5,NONE,NONE,IHR_SPCE,PENDING
T07984,M1,D3,NONE,NONE,IHR_SPCE,PENDING
T09111,M3,D3,NONE,NONE,BASELINE,PENDING
T08759,M2,D5,NONE,NONE,BASELINE,PENDING
T08495,M2,D3,NONE,NONE,BASELINE,PENDING
T08810,M2,D5,NONE,NONE,BASELINE,PENDING
T08832,M2,D5,NONE,NONE,BASELINE,PENDING
T09813,M4,D3,NONE,NONE,IHR_SPCE,PENDING
T09216,M3,D3,NONE,NONE,IHR_SPCE,PENDING
T09748,M4,D3,NONE,NONE,BASELINE,PENDING
T09704,M4,D3,NONE,NONE,BASELINE,PENDING
T07885,M1,D3,NONE,NONE,BASELINE,PENDING
T08946,M2,D5,NONE,NONE,IHR_SPCE,PENDING
T09995,M4,D5,NONE,NONE,BASELINE,PENDING
T08560,M2,D3,NONE,NONE,IHR_SPCE,PENDING
T09734,M4,D3,NONE,NONE,BASELINE,PENDING
T08420,M2,D3,NONE,NONE,BASELINE,PENDING
T08581,M2,D3,NONE,NONE,IHR_SPCE,PENDING
T09070,M3,D3,NONE,NONE,BASELINE,PENDING
T09466,M3,D5,NONE,NONE,IHR_SPCE,PENDING
T08320,M1,D5,NONE,NONE,IHR_SPCE,PENDING
T09973,M4,D5,NONE,NONE,BASELINE,PENDING
T07894,M1,D3,NONE,NONE,BASELINE,PENDING
T09026,M3,D3,NONE,NONE,BASELINE,PENDING
T09042,M3,D3,NONE,NONE,BASELINE,PENDING
T08526,M2,D3,NONE,NONE,BASELINE,PENDING
T09263,M3,D3,NONE,NONE,IHR_SPCE,PENDING
T09554,M3,D5,NONE,NONE,IHR_SPCE,PENDING
T09261,M3,D3,NONE,NONE,IHR_SPCE,PENDING
T10179,M4,D5,NONE,NONE,IHR_SPCE,PENDING
T07921,M1,D3,NONE,NONE,BASELINE,PENDING
T09623,M4,D3,NONE,NONE,BASELINE,PENDING
T07996,M1,D3,NONE,NONE,IHR_SPCE,PENDING
T07950,M1,D3,NONE,NONE,BASELINE,PENDING
T08325,M1,D5,NONE,NONE,IHR_SPCE,PENDING
T09024,M3,D3,NONE,NONE,BASELINE,PENDING
T09336,M3,D5,NONE,NONE,BASELINE,PENDING
T09755,M4,D3,NONE,NONE,IHR_SPCE,PENDING
T08235,M1,D5,NONE,NONE,BASELINE,PENDING
T08615,M2,D3,NONE,NONE,IHR_SPCE,PENDING
T08463,M2,D3,NONE,NONE,BASELINE,PENDING
T08073,M1,D3,NONE,NONE,IHR_SPCE,PENDING
T08761,M2,D5,NONE,NONE,BASELINE,PENDING
T07822,M1,D3,NONE,NONE,BASELINE,PENDING
T07976,M1,D3,NONE,NONE,IHR_SPCE,PENDING
T08739,M2,D5,NONE,NONE,BASELINE,PENDING
T09198,M3,D3,NONE,NONE,IHR_SPCE,PENDING
T08994,M2,D5,NONE,NONE,IHR_SPCE,PENDING
T08558,M2,D3,NONE,NONE,IHR_SPCE,PENDING
T09968,M4,D5,NONE,NONE,BASELINE,PENDING
T10181,M4,D5,NONE,NONE,IHR_SPCE,PENDING
T09187,M3,D3,NONE,NONE,IHR_SPCE,PENDING
T09276,M3,D3,NONE,NONE,IHR_SPCE,PENDING
T09953,M4,D5,NONE,NONE,BASELINE,PENDING
T08395,M1,D5,NONE,NONE,IHR_SPCE,PENDING
T07859,M1,D3,NONE,NONE,BASELINE,PENDING
T08099,M1,D3,NONE,NONE,IHR_SPCE,PENDING
T09325,M3,D5,NONE,NONE,BASELINE,PENDING
T09449,M3,D5,NONE,NONE,BASELINE,PENDING
T08657,M2,D3,NONE,NONE,IHR_SPCE,PENDING
T09927,M4,D5,NONE,NONE,BASELINE,PENDING
T08380,M1,D5,NONE,NONE,IHR_SPCE,PENDING
T09868,M4,D3,NONE,NONE,IHR_SPCE,PENDING
T09343,M3,D5,NONE,NONE,BASELINE,PENDING
T08224,M1,D5,NONE,NONE,BASELINE,PENDING
T10186,M4,D5,NONE,NONE,IHR_SPCE,PENDING
T09617,M4,D3,NONE,NONE,BASELINE,PENDING
T08583,M2,D3,NONE,NONE,IHR_SPCE,PENDING
T09173,M3,D3,NONE,NONE,IHR_SPCE,PENDING
T08390,M1,D5,NONE,NONE,IHR_SPCE,PENDING
T08346,M1,D5,NONE,NONE,IHR_SPCE,PENDING
T08191,M1,D5,NONE,NONE,BASELINE,PENDING
T09411,M3,D5,NONE,NONE,BASELINE,PENDING
T09890,M4,D3,NONE,NONE,IHR_SPCE,PENDING
T09866,M4,D3,NONE,NONE,IHR_SPCE,PENDING
T08813,M2,D5,NONE,NONE,BASELINE,PENDING
T08730,M2,D5,NONE,NONE,BASELINE,PENDING
T10031,M4,D5,NONE,NONE,BASELINE,PENDING
T08877,M2,D5,NONE,NONE,IHR_SPCE,PENDING
T09832,M4,D3,NONE,NONE,IHR_SPCE,PENDING
T08041,M1,D3,NONE,NONE,IHR_SPCE,PENDING
T08962,M2,D5,NONE,NONE,IHR_SPCE,PENDING
T08149,M1,D5,NONE,NONE,BASELINE,PENDING
T09354,M3,D5,NONE,NONE,BASELINE,PENDING
T09911,M4,D5,NONE,NONE,BASELINE,PENDING
T08106,M1,D5,NONE,NONE,BASELINE,PENDING
T08333,M1,D5,NONE,NONE,IHR_SPCE,PENDING
T09770,M4,D3,NONE,NONE,IHR_SPCE,PENDING
T08679,M2,D3,NONE,NONE,IHR_SPCE,PENDING
T09066,M3,D3,NONE,NONE,BASELINE,PENDING
T08622,M2,D3,NONE,NONE,IHR_SPCE,PENDING
T10050,M4,D5,NONE,NONE,BASELINE,PENDING
T10165,M4,D5,NONE,NONE,IHR_SPCE,PENDING
T08337,M1,D5,NONE,NONE,IHR_SPCE,PENDING
T09549,M3,D5,NONE,NONE,IHR_SPCE,PENDING
T10170,M4,D5,NONE,NONE,IHR_SPCE,PENDING
T07983,M1,D3,NONE,NONE,IHR_SPCE,PENDING
T08269,M1,D5,NONE,NONE,IHR_SPCE,PENDING
T10024,M4,D5,NONE,NONE,BASELINE,PENDING
T09054,M3,D3,NONE,NONE,BASELINE,PENDING
T09126,M3,D3,NONE,NONE,BASELINE,PENDING
T08944,M2,D5,NONE,NONE,IHR_SPCE,PENDING
T07848,M1,D3,NONE,NONE,BASELINE,PENDING
T09859,M4,D3,NONE,NONE,IHR_SPCE,PENDING
T08260,M1,D5,NONE,NONE,IHR_SPCE,PENDING
T09525,M3,D5,NONE,NONE,IHR_SPCE,PENDING
T08573,M2,D3,NONE,NONE,IHR_SPCE,PENDING
T08606,M2,D3,NONE,NONE,IHR_SPCE,PENDING
T08173,M1,D5,NONE,NONE,BASELINE,PENDING
T09749,M4,D3,NONE,NONE,BASELINE,PENDING
T09572,M3,D5,NONE,NONE,IHR_SPCE,PENDING
T09980,M4,D5,NONE,NONE,BASELINE,PENDING
T08207,M1,D5,NONE,NONE,BASELINE,PENDING
T09826,M4,D3,NONE,NONE,IHR_SPCE,PENDING
T10035,M4,D5,NONE,NONE,BASELINE,PENDING
T09015,M3,D3,NONE,NONE,BASELINE,PENDING
T09767,M4,D3,NONE,NONE,IHR_SPCE,PENDING
T08156,M1,D5,NONE,NONE,BASELINE,PENDING
T09878,M4,D3,NONE,NONE,IHR_SPCE,PENDING
T10167,M4,D5,NONE,NONE,IHR_SPCE,PENDING
T08780,M2,D5,NONE,NONE,BASELINE,PENDING
T08725,M2,D5,NONE,NONE,BASELINE,PENDING
T08455,M2,D3,NONE,NONE,BASELINE,PENDING
T09415,M3,D5,NONE,NONE,BASELINE,PENDING
T10123,M4,D5,NONE,NONE,IHR_SPCE,PENDING
T09017,M3,D3,NONE,NONE,BASELINE,PENDING
T08067,M1,D3,NONE,NONE,IHR_SPCE,PENDING
T09130,M3,D3,NONE,NONE,BASELINE,PENDING
T09445,M3,D5,NONE,NONE,BASELINE,PENDING
T08312,M1,D5,NONE,NONE,IHR_SPCE,PENDING
T08124,M1,D5,NONE,NONE,BASELINE,PENDING
T08027,M1,D3,NONE,NONE,IHR_SPCE,PENDING
T09777,M4,D3,NONE,NONE,IHR_SPCE,PENDING
T08980,M2,D5,NONE,NONE,IHR_SPCE,PENDING
T09708,M4,D3,NONE,NONE,BASELINE,PENDING
T08426,M2,D3,NONE,NONE,BASELINE,PENDING
T09682,M4,D3,NONE,NONE,BASELINE,PENDING
T09459,M3,D5,NONE,NONE,IHR_SPCE,PENDING
T09733,M4,D3,NONE,NONE,BASELINE,PENDING
T07807,M1,D3,NONE,NONE,BASELINE,PENDING
T09786,M4,D3,NONE,NONE,IHR_SPCE,PENDING
T10180,M4,D5,NONE,NONE,IHR_SPCE,PENDING
T08709,M2,D5,NONE,NONE,BASELINE,PENDING
T09091,M3,D3,NONE,NONE,BASELINE,PENDING
T08177,M1,D5,NONE,NONE,BASELINE,PENDING
T09782,M4,D3,NONE,NONE,IHR_SPCE,PENDING
T09114,M3,D3,NONE,NONE,BASELINE,PENDING
T07907,M1,D3,NONE,NONE,BASELINE,PENDING
T09396,M3,D5,NONE,NONE,BASELINE,PENDING
T09732,M4,D3,NONE,NONE,BASELINE,PENDING
T09453,M3,D5,NONE,NONE,IHR_SPCE,PENDING
T09667,M4,D3,NONE,NONE,BASELINE,PENDING
T09450,M3,D5,NONE,NONE,BASELINE,PENDING
T09923,M4,D5,NONE,NONE,BASELINE,PENDING
T08662,M2,D3,NONE,NONE,IHR_SPCE,PENDING
T08521,M2,D3,NONE,NONE,BASELINE,PENDING
T07936,M1,D3,NONE,NONE,BASELINE,PENDING
T10183,M4,D5,NONE,NONE,IHR_SPCE,PENDING
T08335,M1,D5,NONE,NONE,IHR_SPCE,PENDING
T09231,M3,D3,NONE,NONE,IHR_SPCE,PENDING
T09273,M3,D3,NONE,NONE,IHR_SPCE,PENDING
T08006,M1,D3,NONE,NONE,IHR_SPCE,PENDING
T10005,M4,D5,NONE,NONE,BASELINE,PENDING
T10102,M4,D5,NONE,NONE,IHR_SPCE,PENDING
T08646,M2,D3,NONE,NONE,IHR_SPCE,PENDING
T08765,M2,D5,NONE,NONE,BASELINE,PENDING
T09615,M4,D3,NONE,NONE,BASELINE,PENDING
T10054,M4,D5,NONE,NONE,IHR_SPCE,PENDING
T08362,M1,D5,NONE,NONE,IHR_SPCE,PENDING
T07870,M1,D3,NONE,NONE,BASELINE,PENDING
T08633,M2,D3,NONE,NONE,IHR_SPCE,PENDING
T09433,M3,D5,NONE,NONE,BASELINE,PENDING
T08450,M2,D3,NONE,NONE,BASELINE,PENDING
T09094,M3,D3,NONE,NONE,BASELINE,PENDING
T08699,M2,D3,NONE,NONE,IHR_SPCE,PENDING
T09406,M3,D5,NONE,NONE,BASELINE,PENDING
T08231,M1,D5,NONE,NONE,BASELINE,PENDING
T08410,M2,D3,NONE,NONE,BASELINE,PENDING
T08283,M1,D5,NONE,NONE,IHR_SPCE,PENDING
T09823,M4,D3,NONE,NONE,IHR_SPCE,PENDING
T10144,M4,D5,NONE,NONE,IHR_SPCE,PENDING
T08324,M1,D5,NONE,NONE,IHR_SPCE,PENDING
T09869,M4,D3,NONE,NONE,IHR_SPCE,PENDING
T07817,M1,D3,NONE,NONE,BASELINE,PENDING
T08596,M2,D3,NONE,NONE,IHR_SPCE,PENDING
T09727,M4,D3,NONE,NONE,BASELINE,PENDING
T08285,M1,D5,NONE,NONE,IHR_SPCE,PENDING
T10178,M4,D5,NONE,NONE,IHR_SPCE,PENDING
T08050,M1,D3,NONE,NONE,IHR_SPCE,PENDING
T09419,M3,D5,NONE,NONE,BASELINE,PENDING
T09956,M4,D5,NONE,NONE,BASELINE,PENDING
T09235,M3,D3,NONE,NONE,IHR_SPCE,PENDING
T09109,M3,D3,NONE,NONE,BASELINE,PENDING
T09907,M4,D5,NONE,NONE,BASELINE,PENDING
T08588,M2,D3,NONE,NONE,IHR_SPCE,PENDING
T08932,M2,D5,NONE,NONE,IHR_SPCE,PENDING
T10090,M4,D5,NONE,NONE,IHR_SPCE,PENDING
T08291,M1,D5,NONE,NONE,IHR_SPCE,PENDING
T09363,M3,D5,NONE,NONE,BASELINE,PENDING
T09715,M4,D3,NONE,NONE,BASELINE,PENDING
T07912,M1,D3,NONE,NONE,BASELINE,PENDING
T10063,M4,D5,NONE,NONE,IHR_SPCE,PENDING
T10032,M4,D5,NONE,NONE,BASELINE,PENDING
T09041,M3,D3,NONE,NONE,BASELINE,PENDING
T09925,M4,D5,NONE,NONE,BASELINE,PENDING
T07844,M1,D3,NONE,NONE,BASELINE,PENDING
T08432,M2,D3,NONE,NONE,BASELINE,PENDING
T08554,M2,D3,NONE,NONE,IHR_SPCE,PENDING
T09891,M4,D3,NONE,NONE,IHR_SPCE,PENDING
T09474,M3,D5,NONE,NONE,IHR_SPCE,PENDING
T08544,M2,D3,NONE,NONE,BASELINE,PENDING
T08097,M1,D3,NONE,NONE,IHR_SPCE,PENDING
T09380,M3,D5,NONE,NONE,BASELINE,PENDING
T08305,M1,D5,NONE,NONE,IHR_SPCE,PENDING
T09199,M3,D3,NONE,NONE,IHR_SPCE,PENDING
T09811,M4,D3,NONE,NONE,IHR_SPCE,PENDING
T08668,M2,D3,NONE,NONE,IHR_SPCE,PENDING
T08918,M2,D5,NONE,NONE,IHR_SPCE,PENDING
T09527,M3,D5,NONE,NONE,IHR_SPCE,PENDING
T09793,M4,D3,NONE,NONE,IHR_SPCE,PENDING
T09233,M3,D3,NONE,NONE,IHR_SPCE,PENDING
T08568,M2,D3,NONE,NONE,IHR_SPCE,PENDING
T08893,M2,D5,NONE,NONE,IHR_SPCE,PENDING
T09604,M4,D3,NONE,NONE,BASELINE,PENDING
T09592,M3,D5,NONE,NONE,IHR_SPCE,PENDING
T09808,M4,D3,NONE,NONE,IHR_SPCE,PENDING
T08321,M1,D5,NONE,NONE,IHR_SPCE,PENDING
T10143,M4,D5,NONE,NONE,IHR_SPCE,PENDING
T09806,M4,D3,NONE,NONE,IHR_SPCE,PENDING
T08363,M1,D5,NONE,NONE,IHR_SPCE,PENDING
T09496,M3,D5,NONE,NONE,IHR_SPCE,PENDING
T10078,M4,D5,NONE,NONE,IHR_SPCE,PENDING
T08019,M1,D3,NONE,NONE,IHR_SPCE,PENDING
T08096,M1,D3,NONE,NONE,IHR_SPCE,PENDING
T08247,M1,D5,NONE,NONE,BASELINE,PENDING
T08667,M2,D3,NONE,NONE,IHR_SPCE,PENDING
T09661,M4,D3,NONE,NONE,BASELINE,PENDING
T10109,M4,D5,NONE,NONE,IHR_SPCE,PENDING
T09333,M3,D5,NONE,NONE,BASELINE,PENDING
T08599,M2,D3,NONE,NONE,IHR_SPCE,PENDING
T09310,M3,D5,NONE,NONE,BASELINE,PENDING
T08997,M2,D5,NONE,NONE,IHR_SPCE,PENDING
T10149,M4,D5,NONE,NONE,IHR_SPCE,PENDING
T09460,M3,D5,NONE,NONE,IHR_SPCE,PENDING
T09901,M4,D5,NONE,NONE,BASELINE,PENDING
T09029,M3,D3,NONE,NONE,BASELINE,PENDING
T09864,M4,D3,NONE,NONE,IHR_SPCE,PENDING
T09361,M3,D5,NONE,NONE,BASELINE,PENDING
T08817,M2,D5,NONE,NONE,BASELINE,PENDING
T08316,M1,D5,NONE,NONE,IHR_SPCE,PENDING
T09971,M4,D5,NONE,NONE,BASELINE,PENDING
T08989,M2,D5,NONE,NONE,IHR_SPCE,PENDING
T09161,M3,D3,NONE,NONE,IHR_SPCE,PENDING
T08869,M2,D5,NONE,NONE,IHR_SPCE,PENDING
T08048,M1,D3,NONE,NONE,IHR_SPCE,PENDING
T08825,M2,D5,NONE,NONE,BASELINE,PENDING
T09305,M3,D5,NONE,NONE,BASELINE,PENDING
T08970,M2,D5,NONE,NONE,IHR_SPCE,PENDING
T10026,M4,D5,NONE,NONE,BASELINE,PENDING
T09402,M3,D5,NONE,NONE,BASELINE,PENDING
T08088,M1,D3,NONE,NONE,IHR_SPCE,PENDING
T09284,M3,D3,NONE,NONE,IHR_SPCE,PENDING
T08613,M2,D3,NONE,NONE,IHR_SPCE,PENDING
T07985,M1,D3,NONE,NONE,IHR_SPCE,PENDING
T09147,M3,D3,NONE,NONE,BASELINE,PENDING
T09452,M3,D5,NONE,NONE,IHR_SPCE,PENDING
T09504,M3,D5,NONE,NONE,IHR_SPCE,PENDING
T08634,M2,D3,NONE,NONE,IHR_SPCE,PENDING
T07931,M1,D3,NONE,NONE,BASELINE,PENDING
T08411,M2,D3,NONE,NONE,BASELINE,PENDING
T09033,M3,D3,NONE,NONE,BASELINE,PENDING
T08443,M2,D3,NONE,NONE,BASELINE,PENDING
T07972,M1,D3,NONE,NONE,IHR_SPCE,PENDING
T07914,M1,D3,NONE,NONE,BASELINE,PENDING
T09543,M3,D5,NONE,NONE,IHR_SPCE,PENDING
T08796,M2,D5,NONE,NONE,BASELINE,PENDING
T09937,M4,D5,NONE,NONE,BASELINE,PENDING
T07887,M1,D3,NONE,NONE,BASELINE,PENDING
T09120,M3,D3,NONE,NONE,BASELINE,PENDING
T08161,M1,D5,NONE,NONE,BASELINE,PENDING
T08928,M2,D5,NONE,NONE,IHR_SPCE,PENDING
T09739,M4,D3,NONE,NONE,BASELINE,PENDING
T08369,M1,D5,NONE,NONE,IHR_SPCE,PENDING
T08330,M1,D5,NONE,NONE,IHR_SPCE,PENDING
T07860,M1,D3,NONE,NONE,BASELINE,PENDING
T08080,M1,D3,NONE,NONE,IHR_SPCE,PENDING
T08359,M1,D5,NONE,NONE,IHR_SPCE,PENDING
T08127,M1,D5,NONE,NONE,BASELINE,PENDING
T09502,M3,D5,NONE,NONE,IHR_SPCE,PENDING
T07876,M1,D3,NONE,NONE,BASELINE,PENDING
T09125,M3,D3,NONE,NONE,BASELINE,PENDING
T08665,M2,D3,NONE,NONE,IHR_SPCE,PENDING
T08694,M2,D3,NONE,NONE,IHR_SPCE,PENDING
T08947,M2,D5,NONE,NONE,IHR_SPCE,PENDING
T08795,M2,D5,NONE,NONE,BASELINE,PENDING
T08751,M2,D5,NONE,NONE,BASELINE,PENDING
T08436,M2,D3,NONE,NONE,BASELINE,PENDING
T10166,M4,D5,NONE,NONE,IHR_SPCE,PENDING
T07857,M1,D3,NONE,NONE,BASELINE,PENDING
T08194,M1,D5,NONE,NONE,BASELINE,PENDING
T08108,M1,D5,NONE,NONE,BASELINE,PENDING
T08033,M1,D3,NONE,NONE,IHR_SPCE,PENDING
T09961,M4,D5,NONE,NONE,BASELINE,PENDING
T08632,M2,D3,NONE,NONE,IHR_SPCE,PENDING
T08284,M1,D5,NONE,NONE,IHR_SPCE,PENDING
T09032,M3,D3,NONE,NONE,BASELINE,PENDING
T09207,M3,D3,NONE,NONE,IHR_SPCE,PENDING
T08326,M1,D5,NONE,NONE,IHR_SPCE,PENDING
T10071,M4,D5,NONE,NONE,IHR_SPCE,PENDING
T09124,M3,D3,NONE,NONE,BASELINE,PENDING
T08388,M1,D5,NONE,NONE,IHR_SPCE,PENDING
T10176,M4,D5,NONE,NONE,IHR_SPCE,PENDING
T08645,M2,D3,NONE,NONE,IHR_SPCE,PENDING
T08217,M1,D5,NONE,NONE,BASELINE,PENDING
T10083,M4,D5,NONE,NONE,IHR_SPCE,PENDING
T07932,M1,D3,NONE,NONE,BASELINE,PENDING
T08453,M2,D3,NONE,NONE,BASELINE,PENDING
T10085,M4,D5,NONE,NONE,IHR_SPCE,PENDING
T08692,M2,D3,NONE,NONE,IHR_SPCE,PENDING
T09464,M3,D5,NONE,NONE,IHR_SPCE,PENDING
T09568,M3,D5,NONE,NONE,IHR_SPCE,PENDING
T09601,M4,D3,NONE,NONE,BASELINE,PENDING
T09951,M4,D5,NONE,NONE,BASELINE,PENDING
T08109,M1,D5,NONE,NONE,BASELINE,PENDING
T08293,M1,D5,NONE,NONE,IHR_SPCE,PENDING
T08103,M1,D5,NONE,NONE,BASELINE,PENDING
T08748,M2,D5,NONE,NONE,BASELINE,PENDING
T10098,M4,D5,NONE,NONE,IHR_SPCE,PENDING
T09721,M4,D3,NONE,NONE,BASELINE,PENDING
T08870,M2,D5,NONE,NONE,IHR_SPCE,PENDING
T07923,M1,D3,NONE,NONE,BASELINE,PENDING
T09084,M3,D3,NONE,NONE,BASELINE,PENDING
T09289,M3,D3,NONE,NONE,IHR_SPCE,PENDING
T08960,M2,D5,NONE,NONE,IHR_SPCE,PENDING
T08689,M2,D3,NONE,NONE,IHR_SPCE,PENDING
T09376,M3,D5,NONE,NONE,BASELINE,PENDING
T09059,M3,D3,NONE,NONE,BASELINE,PENDING
T08892,M2,D5,NONE,NONE,IHR_SPCE,PENDING
T09107,M3,D3,NONE,NONE,BASELINE,PENDING
T08349,M1,D5,NONE,NONE,IHR_SPCE,PENDING
T08758,M2,D5,NONE,NONE,BASELINE,PENDING
T09321,M3,D5,NONE,NONE,BASELINE,PENDING
T09659,M4,D3,NONE,NONE,BASELINE,PENDING
T08237,M1,D5,NONE,NONE,BASELINE,PENDING
T09712,M4,D3,NONE,NONE,BASELINE,PENDING
T10152,M4,D5,NONE,NONE,IHR_SPCE,PENDING
T08183,M1,D5,NONE,NONE,BASELINE,PENDING
T08858,M2,D5,NONE,NONE,IHR_SPCE,PENDING
T09919,M4,D5,NONE,NONE,BASELINE,PENDING
T09086,M3,D3,NONE,NONE,BASELINE,PENDING
T07839,M1,D3,NONE,NONE,BASELINE,PENDING
T08170,M1,D5,NONE,NONE,BASELINE,PENDING
T08922,M2,D5,NONE,NONE,IHR_SPCE,PENDING
T10145,M4,D5,NONE,NONE,IHR_SPCE,PENDING
T10125,M4,D5,NONE,NONE,IHR_SPCE,PENDING
T09882,M4,D3,NONE,NONE,IHR_SPCE,PENDING
T08856,M2,D5,NONE,NONE,IHR_SPCE,PENDING
T10124,M4,D5,NONE,NONE,IHR_SPCE,PENDING
T08315,M1,D5,NONE,NONE,IHR_SPCE,PENDING
T09490,M3,D5,NONE,NONE,IHR_SPCE,PENDING
T08649,M2,D3,NONE,NONE,IHR_SPCE,PENDING
T08210,M1,D5,NONE,NONE,BASELINE,PENDING
T08442,M2,D3,NONE,NONE,BASELINE,PENDING
T08906,M2,D5,NONE,NONE,IHR_SPCE,PENDING
T09159,M3,D3,NONE,NONE,IHR_SPCE,PENDING
T08687,M2,D3,NONE,NONE,IHR_SPCE,PENDING
T08415,M2,D3,NONE,NONE,BASELINE,PENDING
T09447,M3,D5,NONE,NONE,BASELINE,PENDING
T09977,M4,D5,NONE,NONE,BASELINE,PENDING
T08419,M2,D3,NONE,NONE,BASELINE,PENDING
T09135,M3,D3,NONE,NONE,BASELINE,PENDING
T07958,M1,D3,NONE,NONE,IHR_SPCE,PENDING
T09430,M3,D5,NONE,NONE,BASELINE,PENDING
T08512,M2,D3,NONE,NONE,BASELINE,PENDING
T08230,M1,D5,NONE,NONE,BASELINE,PENDING
T08675,M2,D3,NONE,NONE,IHR_SPCE,PENDING
T08774,M2,D5,NONE,NONE,BASELINE,PENDING
T08888,M2,D5,NONE,NONE,IHR_SPCE,PENDING
T09702,M4,D3,NONE,NONE,BASELINE,PENDING
T08961,M2,D5,NONE,NONE,IHR_SPCE,PENDING
T07938,M1,D3,NONE,NONE,BASELINE,PENDING
T09705,M4,D3,NONE,NONE,BASELINE,PENDING
T08490,M2,D3,NONE,NONE,BASELINE,PENDING
T09013,M3,D3,NONE,NONE,BASELINE,PENDING
T07995,M1,D3,NONE,NONE,IHR_SPCE,PENDING
T09834,M4,D3,NONE,NONE,IHR_SPCE,PENDING
T09270,M3,D3,NONE,NONE,IHR_SPCE,PENDING
T07989,M1,D3,NONE,NONE,IHR_SPCE,PENDING
T09322,M3,D5,NONE,NONE,BASELINE,PENDING
T09080,M3,D3,NONE,NONE,BASELINE,PENDING
T09764,M4,D3,NONE,NONE,IHR_SPCE,PENDING
T09448,M3,D5,NONE,NONE,BASELINE,PENDING
T08624,M2,D3,NONE,NONE,IHR_SPCE,PENDING
T08975,M2,D5,NONE,NONE,IHR_SPCE,PENDING
T08409,M2,D3,NONE,NONE,BASELINE,PENDING
T07898,M1,D3,NONE,NONE,BASELINE,PENDING
T08344,M1,D5,NONE,NONE,IHR_SPCE,PENDING
T09918,M4,D5,NONE,NONE,BASELINE,PENDING
T09797,M4,D3,NONE,NONE,IHR_SPCE,PENDING
T08898,M2,D5,NONE,NONE,IHR_SPCE,PENDING
T07955,M1,D3,NONE,NONE,IHR_SPCE,PENDING
T09413,M3,D5,NONE,NONE,BASELINE,PENDING
T10028,M4,D5,NONE,NONE,BASELINE,PENDING
T09513,M3,D5,NONE,NONE,IHR_SPCE,PENDING
T10161,M4,D5,NONE,NONE,IHR_SPCE,PENDING
T09908,M4,D5,NONE,NONE,BASELINE,PENDING
T09751,M4,D3,NONE,NONE,IHR_SPCE,PENDING
T08414,M2,D3,NONE,NONE,BASELINE,PENDING
T09881,M4,D3,NONE,NONE,IHR_SPCE,PENDING
T08142,M1,D5,NONE,NONE,BASELINE,PENDING
T08496,M2,D3,NONE,NONE,BASELINE,PENDING
T09167,M3,D3,NONE,NONE,IHR_SPCE,PENDING
T09710,M4,D3,NONE,NONE,BASELINE,PENDING
T09462,M3,D5,NONE,NONE,IHR_SPCE,PENDING
T08830,M2,D5,NONE,NONE,BASELINE,PENDING
T08818,M2,D5,NONE,NONE,BASELINE,PENDING
T08489,M2,D3,NONE,NONE,BASELINE,PENDING
T08222,M1,D5,NONE,NONE,BASELINE,PENDING
T09605,M4,D3,NONE,NONE,BASELINE,PENDING
T10171,M4,D5,NONE,NONE,IHR_SPCE,PENDING
T08005,M1,D3,NONE,NONE,IHR_SPCE,PENDING
T08801,M2,D5,NONE,NONE,BASELINE,PENDING
T09456,M3,D5,NONE,NONE,IHR_SPCE,PENDING
T08001,M1,D3,NONE,NONE,IHR_SPCE,PENDING
T08973,M2,D5,NONE,NONE,IHR_SPCE,PENDING
T10095,M4,D5,NONE,NONE,IHR_SPCE,PENDING
T10042,M4,D5,NONE,NONE,BASELINE,PENDING
T10099,M4,D5,NONE,NONE,IHR_SPCE,PENDING
T09955,M4,D5,NONE,NONE,BASELINE,PENDING
T08449,M2,D3,NONE,NONE,BASELINE,PENDING
T07846,M1,D3,NONE,NONE,BASELINE,PENDING
T09005,M3,D3,NONE,NONE,BASELINE,PENDING
T08762,M2,D5,NONE,NONE,BASELINE,PENDING
T09226,M3,D3,NONE,NONE,IHR_SPCE,PENDING
T07842,M1,D3,NONE,NONE,BASELINE,PENDING
T08347,M1,D5,NONE,NONE,IHR_SPCE,PENDING
T08663,M2,D3,NONE,NONE,IHR_SPCE,PENDING
T08855,M2,D5,NONE,NONE,IHR_SPCE,PENDING
T08964,M2,D5,NONE,NONE,IHR_SPCE,PENDING
T08666,M2,D3,NONE,NONE,IHR_SPCE,PENDING
T09148,M3,D3,NONE,NONE,BASELINE,PENDING
T08744,M2,D5,NONE,NONE,BASELINE,PENDING
T07877,M1,D3,NONE,NONE,BASELINE,PENDING
T09910,M4,D5,NONE,NONE,BASELINE,PENDING
T08903,M2,D5,NONE,NONE,IHR_SPCE,PENDING
T07841,M1,D3,NONE,NONE,BASELINE,PENDING
T08148,M1,D5,NONE,NONE,BASELINE,PENDING
T08492,M2,D3,NONE,NONE,BASELINE,PENDING
T08035,M1,D3,NONE,NONE,IHR_SPCE,PENDING
T08425,M2,D3,NONE,NONE,BASELINE,PENDING
T09867,M4,D3,NONE,NONE,IHR_SPCE,PENDING
T09210,M3,D3,NONE,NONE,IHR_SPCE,PENDING
T07974,M1,D3,NONE,NONE,IHR_SPCE,PENDING
T09014,M3,D3,NONE,NONE,BASELINE,PENDING
T09618,M4,D3,NONE,NONE,BASELINE,PENDING
T09128,M3,D3,NONE,NONE,BASELINE,PENDING
T08281,M1,D5,NONE,NONE,IHR_SPCE,PENDING
T09857,M4,D3,NONE,NONE,IHR_SPCE,PENDING
T08301,M1,D5,NONE,NONE,IHR_SPCE,PENDING
T09155,M3,D3,NONE,NONE,IHR_SPCE,PENDING
T07916,M1,D3,NONE,NONE,BASELINE,PENDING
T08520,M2,D3,NONE,NONE,BASELINE,PENDING
T08644,M2,D3,NONE,NONE,IHR_SPCE,PENDING
T08532,M2,D3,NONE,NONE,BASELINE,PENDING
T08507,M2,D3,NONE,NONE,BASELINE,PENDING
T09759,M4,D3,NONE,NONE,IHR_SPCE,PENDING
T09934,M4,D5,NONE,NONE,BASELINE,PENDING
T08580,M2,D3,NONE,NONE,IHR_SPCE,PENDING
T08499,M2,D3,NONE,NONE,BASELINE,PENDING
T09081,M3,D3,NONE,NONE,BASELINE,PENDING
T09368,M3,D5,NONE,NONE,BASELINE,PENDING
T07856,M1,D3,NONE,NONE,BASELINE,PENDING
T08996,M2,D5,NONE,NONE,IHR_SPCE,PENDING
T09320,M3,D5,NONE,NONE,BASELINE,PENDING
T09643,M4,D3,NONE,NONE,BASELINE,PENDING
T08515,M2,D3,NONE,NONE,BASELINE,PENDING
T09981,M4,D5,NONE,NONE,BASELINE,PENDING
T09515,M3,D5,NONE,NONE,IHR_SPCE,PENDING
T08063,M1,D3,NONE,NONE,IHR_SPCE,PENDING
T10037,M4,D5,NONE,NONE,BASELINE,PENDING
T09731,M4,D3,NONE,NONE,BASELINE,PENDING
T07858,M1,D3,NONE,NONE,BASELINE,PENDING
T07926,M1,D3,NONE,NONE,BASELINE,PENDING
T08457,M2,D3,NONE,NONE,BASELINE,PENDING
T08383,M1,D5,NONE,NONE,IHR_SPCE,PENDING
T09370,M3,D5,NONE,NONE,BASELINE,PENDING
T08523,M2,D3,NONE,NONE,BASELINE,PENDING
T09738,M4,D3,NONE,NONE,BASELINE,PENDING
T09064,M3,D3,NONE,NONE,BASELINE,PENDING
T08574,M2,D3,NONE,NONE,IHR_SPCE,PENDING
T10062,M4,D5,NONE,NONE,IHR_SPCE,PENDING
T08814,M2,D5,NONE,NONE,BASELINE,PENDING
T08340,M1,D5,NONE,NONE,IHR_SPCE,PENDING
T10065,M4,D5,NONE,NONE,IHR_SPCE,PENDING
T07915,M1,D3,NONE,NONE,BASELINE,PENDING
T08838,M2,D5,NONE,NONE,BASELINE,PENDING
T08121,M1,D5,NONE,NONE,BASELINE,PENDING
T09550,M3,D5,NONE,NONE,IHR_SPCE,PENDING
T08952,M2,D5,NONE,NONE,IHR_SPCE,PENDING
T09698,M4,D3,NONE,NONE,BASELINE,PENDING
T08763,M2,D5,NONE,NONE,BASELINE,PENDING
T08972,M2,D5,NONE,NONE,IHR_SPCE,PENDING
T08905,M2,D5,NONE,NONE,IHR_SPCE,PENDING
T09204,M3,D3,NONE,NONE,IHR_SPCE,PENDING
T09763,M4,D3,NONE,NONE,IHR_SPCE,PENDING
T09152,M3,D3,NONE,NONE,IHR_SPCE,PENDING
T09648,M4,D3,NONE,NONE,BASELINE,PENDING
T09183,M3,D3,NONE,NONE,IHR_SPCE,PENDING
T10017,M4,D5,NONE,NONE,BASELINE,PENDING
T08025,M1,D3,NONE,NONE,IHR_SPCE,PENDING
T09638,M4,D3,NONE,NONE,BASELINE,PENDING
T08799,M2,D5,NONE,NONE,BASELINE,PENDING
T10030,M4,D5,NONE,NONE,BASELINE,PENDING
T09829,M4,D3,NONE,NONE,IHR_SPCE,PENDING
T10067,M4,D5,NONE,NONE,IHR_SPCE,PENDING
T09681,M4,D3,NONE,NONE,BASELINE,PENDING
T08683,M2,D3,NONE,NONE,IHR_SPCE,PENDING
T09998,M4,D5,NONE,NONE,BASELINE,PENDING
T08137,M1,D5,NONE,NONE,BASELINE,PENDING
T10105,M4,D5,NONE,NONE,IHR_SPCE,PENDING
T09612,M4,D3,NONE,NONE,BASELINE,PENDING
T09665,M4,D3,NONE,NONE,BASELINE,PENDING
T09397,M3,D5,NONE,NONE,BASELINE,PENDING
T09563,M3,D5,NONE,NONE,IHR_SPCE,PENDING
T09151,M3,D3,NONE,NONE,IHR_SPCE,PENDING
T08941,M2,D5,NONE,NONE,IHR_SPCE,PENDING
T10100,M4,D5,NONE,NONE,IHR_SPCE,PENDING
T07868,M1,D3,NONE,NONE,BASELINE,PENDING
T07874,M1,D3,NONE,NONE,BASELINE,PENDING
T08742,M2,D5,NONE,NONE,BASELINE,PENDING
T08707,M2,D5,NONE,NONE,BASELINE,PENDING
T08571,M2,D3,NONE,NONE,IHR_SPCE,PENDING
T09547,M3,D5,NONE,NONE,IHR_SPCE,PENDING
T08445,M2,D3,NONE,NONE,BASELINE,PENDING
T08722,M2,D5,NONE,NONE,BASELINE,PENDING
T08586,M2,D3,NONE,NONE,IHR_SPCE,PENDING
T08044,M1,D3,NONE,NONE,IHR_SPCE,PENDING
T09603,M4,D3,NONE,NONE,BASELINE,PENDING
T08682,M2,D3,NONE,NONE,IHR_SPCE,PENDING
T07865,M1,D3,NONE,NONE,BASELINE,PENDING
T09365,M3,D5,NONE,NONE,BASELINE,PENDING
T07837,M1,D3,NONE,NONE,BASELINE,PENDING
T09990,M4,D5,NONE,NONE,BASELINE,PENDING
T08908,M2,D5,NONE,NONE,IHR_SPCE,PENDING
T09561,M3,D5,NONE,NONE,IHR_SPCE,PENDING
T10072,M4,D5,NONE,NONE,IHR_SPCE,PENDING
T10113,M4,D5,NONE,NONE,IHR_SPCE,PENDING
T08911,M2,D5,NONE,NONE,IHR_SPCE,PENDING
T08336,M1,D5,NONE,NONE,IHR_SPCE,PENDING
T08834,M2,D5,NONE,NONE,BASELINE,PENDING
T08805,M2,D5,NONE,NONE,BASELINE,PENDING
T08820,M2,D5,NONE,NONE,BASELINE,PENDING
T09156,M3,D3,NONE,NONE,IHR_SPCE,PENDING
T08402,M2,D3,NONE,NONE,BASELINE,PENDING
T08214,M1,D5,NONE,NONE,BASELINE,PENDING
T09789,M4,D3,NONE,NONE,IHR_SPCE,PENDING
T09424,M3,D5,NONE,NONE,BASELINE,PENDING
T08809,M2,D5,NONE,NONE,BASELINE,PENDING
T09372,M3,D5,NONE,NONE,BASELINE,PENDING
T09913,M4,D5,NONE,NONE,BASELINE,PENDING
T09994,M4,D5,NONE,NONE,BASELINE,PENDING
T09154,M3,D3,NONE,NONE,IHR_SPCE,PENDING
T07957,M1,D3,NONE,NONE,IHR_SPCE,PENDING
T09357,M3,D5,NONE,NONE,BASELINE,PENDING
T07998,M1,D3,NONE,NONE,IHR_SPCE,PENDING
T09894,M4,D3,NONE,NONE,IHR_SPCE,PENDING
T09074,M3,D3,NONE,NONE,BASELINE,PENDING
T08421,M2,D3,NONE,NONE,BASELINE,PENDING
T09950,M4,D5,NONE,NONE,BASELINE,PENDING
T08470,M2,D3,NONE,NONE,BASELINE,PENDING
T09192,M3,D3,NONE,NONE,IHR_SPCE,PENDING
T09039,M3,D3,NONE,NONE,BASELINE,PENDING
T08584,M2,D3,NONE,NONE,IHR_SPCE,PENDING
T08167,M1,D5,NONE,NONE,BASELINE,PENDING
T07855,M1,D3,NONE,NONE,BASELINE,PENDING
T09189,M3,D3,NONE,NONE,IHR_SPCE,PENDING
T08821,M2,D5,NONE,NONE,BASELINE,PENDING
T09837,M4,D3,NONE,NONE,IHR_SPCE,PENDING
T09501,M3,D5,NONE,NONE,IHR_SPCE,PENDING
T07909,M1,D3,NONE,NONE,BASELINE,PENDING
T09312,M3,D5,NONE,NONE,BASELINE,PENDING
T08004,M1,D3,NONE,NONE,IHR_SPCE,PENDING
T07861,M1,D3,NONE,NONE,BASELINE,PENDING
T08076,M1,D3,NONE,NONE,IHR_SPCE,PENDING
T09087,M3,D3,NONE,NONE,BASELINE,PENDING
T08273,M1,D5,NONE,NONE,IHR_SPCE,PENDING
T08819,M2,D5,NONE,NONE,BASELINE,PENDING
T09963,M4,D5,NONE,NONE,BASELINE,PENDING
T09880,M4,D3,NONE,NONE,IHR_SPCE,PENDING
T08051,M1,D3,NONE,NONE,IHR_SPCE,PENDING
T08022,M1,D3,NONE,NONE,IHR_SPCE,PENDING
T08732,M2,D5,NONE,NONE,BASELINE,PENDING
T09373,M3,D5,NONE,NONE,BASELINE,PENDING
T08102,M1,D5,NONE,NONE,BASELINE,PENDING
T10003,M4,D5,NONE,NONE,BASELINE,PENDING
T08848,M2,D5,NONE,NONE,BASELINE,PENDING
T08793,M2,D5,NONE,NONE,BASELINE,PENDING
T08629,M2,D3,NONE,NONE,IHR_SPCE,PENDING
T09860,M4,D3,NONE,NONE,IHR_SPCE,PENDING
T09166,M3,D3,NONE,NONE,IHR_SPCE,PENDING
T09752,M4,D3,NONE,NONE,IHR_SPCE,PENDING
T08530,M2,D3,NONE,NONE,BASELINE,PENDING
T09855,M4,D3,NONE,NONE,IHR_SPCE,PENDING
T09119,M3,D3,NONE,NONE,BASELINE,PENDING
T09441,M3,D5,NONE,NONE,BASELINE,PENDING
T09417,M3,D5,NONE,NONE,BASELINE,PENDING
T09349,M3,D5,NONE,NONE,BASELINE,PENDING
T08360,M1,D5,NONE,NONE,IHR_SPCE,PENDING
T09016,M3,D3,NONE,NONE,BASELINE,PENDING
T08992,M2,D5,NONE,NONE,IHR_SPCE,PENDING
T10200,M4,D5,NONE,NONE,IHR_SPCE,PENDING
T09262,M3,D3,NONE,NONE,IHR_SPCE,PENDING
T09367,M3,D5,NONE,NONE,BASELINE,PENDING
T08371,M1,D5,NONE,NONE,IHR_SPCE,PENDING
T08823,M2,D5,NONE,NONE,BASELINE,PENDING
T09819,M4,D3,NONE,NONE,IHR_SPCE,PENDING
T08670,M2,D3,NONE,NONE,IHR_SPCE,PENDING
T09517,M3,D5,NONE,NONE,IHR_SPCE,PENDING
T08277,M1,D5,NONE,NONE,IHR_SPCE,PENDING
T08052,M1,D3,NONE,NONE,IHR_SPCE,PENDING
T08628,M2,D3,NONE,NONE,IHR_SPCE,PENDING
T09529,M3,D5,NONE,NONE,IHR_SPCE,PENDING
T09019,M3,D3,NONE,NONE,BASELINE,PENDING
T08211,M1,D5,NONE,NONE,BASELINE,PENDING
T08494,M2,D3,NONE,NONE,BASELINE,PENDING
T08208,M1,D5,NONE,NONE,BASELINE,PENDING
T08545,M2,D3,NONE,NONE,BASELINE,PENDING
T07933,M1,D3,NONE,NONE,BASELINE,PENDING
T08146,M1,D5,NONE,NONE,BASELINE,PENDING
T09628,M4,D3,NONE,NONE,BASELINE,PENDING
T09695,M4,D3,NONE,NONE,BASELINE,PENDING
T09319,M3,D5,NONE,NONE,BASELINE,PENDING
T08009,M1,D3,NONE,NONE,IHR_SPCE,PENDING
T09010,M3,D3,NONE,NONE,BASELINE,PENDING
T09224,M3,D3,NONE,NONE,IHR_SPCE,PENDING
T08621,M2,D3,NONE,NONE,IHR_SPCE,PENDING
T08609,M2,D3,NONE,NONE,IHR_SPCE,PENDING
T08094,M1,D3,NONE,NONE,IHR_SPCE,PENDING
T08045,M1,D3,NONE,NONE,IHR_SPCE,PENDING
T09870,M4,D3,NONE,NONE,IHR_SPCE,PENDING
T09186,M3,D3,NONE,NONE,IHR_SPCE,PENDING
T09149,M3,D3,NONE,NONE,BASELINE,PENDING
T08871,M2,D5,NONE,NONE,IHR_SPCE,PENDING
T08698,M2,D3,NONE,NONE,IHR_SPCE,PENDING
T08612,M2,D3,NONE,NONE,IHR_SPCE,PENDING
T08016,M1,D3,NONE,NONE,IHR_SPCE,PENDING
T09177,M3,D3,NONE,NONE,IHR_SPCE,PENDING
T08807,M2,D5,NONE,NONE,BASELINE,PENDING
T09181,M3,D3,NONE,NONE,IHR_SPCE,PENDING
T07827,M1,D3,NONE,NONE,BASELINE,PENDING
T08168,M1,D5,NONE,NONE,BASELINE,PENDING
T08553,M2,D3,NONE,NONE,IHR_SPCE,PENDING
T09191,M3,D3,NONE,NONE,IHR_SPCE,PENDING
T09724,M4,D3,NONE,NONE,BASELINE,PENDING
T10094,M4,D5,NONE,NONE,IHR_SPCE,PENDING
T09444,M3,D5,NONE,NONE,BASELINE,PENDING
T09766,M4,D3,NONE,NONE,IHR_SPCE,PENDING
T09633,M4,D3,NONE,NONE,BASELINE,PENDING
T10084,M4,D5,NONE,NONE,IHR_SPCE,PENDING
T09555,M3,D5,NONE,NONE,IHR_SPCE,PENDING
T08187,M1,D5,NONE,NONE,BASELINE,PENDING
T08677,M2,D3,NONE,NONE,IHR_SPCE,PENDING
T09845,M4,D3,NONE,NONE,IHR_SPCE,PENDING
T10070,M4,D5,NONE,NONE,IHR_SPCE,PENDING
T09959,M4,D5,NONE,NONE,BASELINE,PENDING
T08935,M2,D5,NONE,NONE,IHR_SPCE,PENDING
T08263,M1,D5,NONE,NONE,IHR_SPCE,PENDING
T10040,M4,D5,NONE,NONE,BASELINE,PENDING
T09523,M3,D5,NONE,NONE,IHR_SPCE,PENDING
T09208,M3,D3,NONE,NONE,IHR_SPCE,PENDING
T08439,M2,D3,NONE,NONE,BASELINE,PENDING
T10160,M4,D5,NONE,NONE,IHR_SPCE,PENDING
T09970,M4,D5,NONE,NONE,BASELINE,PENDING
T08736,M2,D5,NONE,NONE,BASELINE,PENDING
T08381,M1,D5,NONE,NONE,IHR_SPCE,PENDING
T08589,M2,D3,NONE,NONE,IHR_SPCE,PENDING
T08037,M1,D3,NONE,NONE,IHR_SPCE,PENDING
T08812,M2,D5,NONE,NONE,BASELINE,PENDING
T08472,M2,D3,NONE,NONE,BASELINE,PENDING
T10092,M4,D5,NONE,NONE,IHR_SPCE,PENDING
T07884,M1,D3,NONE,NONE,BASELINE,PENDING
T10025,M4,D5,NONE,NONE,BASELINE,PENDING
T08942,M2,D5,NONE,NONE,IHR_SPCE,PENDING
T08391,M1,D5,NONE,NONE,IHR_SPCE,PENDING
T09244,M3,D3,NONE,NONE,IHR_SPCE,PENDING
T08540,M2,D3,NONE,NONE,BASELINE,PENDING
T09362,M3,D5,NONE,NONE,BASELINE,PENDING
T08816,M2,D5,NONE,NONE,BASELINE,PENDING
T08079,M1,D3,NONE,NONE,IHR_SPCE,PENDING
T10112,M4,D5,NONE,NONE,IHR_SPCE,PENDING
T10043,M4,D5,NONE,NONE,BASELINE,PENDING
T08755,M2,D5,NONE,NONE,BASELINE,PENDING
T08054,M1,D3,NONE,NONE,IHR_SPCE,PENDING
T08444,M2,D3,NONE,NONE,BASELINE,PENDING
T09360,M3,D5,NONE,NONE,BASELINE,PENDING
T08032,M1,D3,NONE,NONE,IHR_SPCE,PENDING
T08635,M2,D3,NONE,NONE,IHR_SPCE,PENDING
T09903,M4,D5,NONE,NONE,BASELINE,PENDING
T08854,M2,D5,NONE,NONE,IHR_SPCE,PENDING
T09816,M4,D3,NONE,NONE,IHR_SPCE,PENDING
T08669,M2,D3,NONE,NONE,IHR_SPCE,PENDING
T08578,M2,D3,NONE,NONE,IHR_SPCE,PENDING
T08527,M2,D3,NONE,NONE,BASELINE,PENDING
T09902,M4,D5,NONE,NONE,BASELINE,PENDING
T08171,M1,D5,NONE,NONE,BASELINE,PENDING
T08020,M1,D3,NONE,NONE,IHR_SPCE,PENDING
T10055,M4,D5,NONE,NONE,IHR_SPCE,PENDING
T09180,M3,D3,NONE,NONE,IHR_SPCE,PENDING
T08701,M2,D5,NONE,NONE,BASELINE,PENDING
T08180,M1,D5,NONE,NONE,BASELINE,PENDING
T09008,M3,D3,NONE,NONE,BASELINE,PENDING
T09230,M3,D3,NONE,NONE,IHR_SPCE,PENDING
T09928,M4,D5,NONE,NONE,BASELINE,PENDING
T08773,M2,D5,NONE,NONE,BASELINE,PENDING
T09250,M3,D3,NONE,NONE,IHR_SPCE,PENDING
T09544,M3,D5,NONE,NONE,IHR_SPCE,PENDING
T08833,M2,D5,NONE,NONE,BASELINE,PENDING
T09686,M4,D3,NONE,NONE,BASELINE,PENDING
T08239,M1,D5,NONE,NONE,BASELINE,PENDING
T09987,M4,D5,NONE,NONE,BASELINE,PENDING
T09836,M4,D3,NONE,NONE,IHR_SPCE,PENDING
T09893,M4,D3,NONE,NONE,IHR_SPCE,PENDING
T09794,M4,D3,NONE,NONE,IHR_SPCE,PENDING
T07809,M1,D3,NONE,NONE,BASELINE,PENDING
T08901,M2,D5,NONE,NONE,IHR_SPCE,PENDING
T09345,M3,D5,NONE,NONE,BASELINE,PENDING
T09647,M4,D3,NONE,NONE,BASELINE,PENDING
T08152,M1,D5,NONE,NONE,BASELINE,PENDING
T08378,M1,D5,NONE,NONE,IHR_SPCE,PENDING
T09775,M4,D3,NONE,NONE,IHR_SPCE,PENDING
T09920,M4,D5,NONE,NONE,BASELINE,PENDING
T09266,M3,D3,NONE,NONE,IHR_SPCE,PENDING
T08245,M1,D5,NONE,NONE,BASELINE,PENDING
T08884,M2,D5,NONE,NONE,IHR_SPCE,PENDING
T07829,M1,D3,NONE,NONE,BASELINE,PENDING
T10163,M4,D5,NONE,NONE,IHR_SPCE,PENDING
T08985,M2,D5,NONE,NONE,IHR_SPCE,PENDING
T09479,M3,D5,NONE,NONE,IHR_SPCE,PENDING
T08003,M1,D3,NONE,NONE,IHR_SPCE,PENDING
T07940,M1,D3,NONE,NONE,BASELINE,PENDING
T08968,M2,D5,NONE,NONE,IHR_SPCE,PENDING
T08835,M2,D5,NONE,NONE,BASELINE,PENDING
T08296,M1,D5,NONE,NONE,IHR_SPCE,PENDING
T10114,M4,D5,NONE,NONE,IHR_SPCE,PENDING
T09293,M3,D3,NONE,NONE,IHR_SPCE,PENDING
T09400,M3,D5,NONE,NONE,BASELINE,PENDING
T08826,M2,D5,NONE,NONE,BASELINE,PENDING
T10022,M4,D5,NONE,NONE,BASELINE,PENDING
T10155,M4,D5,NONE,NONE,IHR_SPCE,PENDING
T08522,M2,D3,NONE,NONE,BASELINE,PENDING
T09225,M3,D3,NONE,NONE,IHR_SPCE,PENDING
T08937,M2,D5,NONE,NONE,IHR_SPCE,PENDING
T08397,M1,D5,NONE,NONE,IHR_SPCE,PENDING
T08172,M1,D5,NONE,NONE,BASELINE,PENDING
T07920,M1,D3,NONE,NONE,BASELINE,PENDING
T10015,M4,D5,NONE,NONE,BASELINE,PENDING
T08557,M2,D3,NONE,NONE,IHR_SPCE,PENDING
T08620,M2,D3,NONE,NONE,IHR_SPCE,PENDING
T08642,M2,D3,NONE,NONE,IHR_SPCE,PENDING
T08308,M1,D5,NONE,NONE,IHR_SPCE,PENDING
T08196,M1,D5,NONE,NONE,BASELINE,PENDING
T07843,M1,D3,NONE,NONE,BASELINE,PENDING
T10075,M4,D5,NONE,NONE,IHR_SPCE,PENDING
T08072,M1,D3,NONE,NONE,IHR_SPCE,PENDING
T07978,M1,D3,NONE,NONE,IHR_SPCE,PENDING
T08837,M2,D5,NONE,NONE,BASELINE,PENDING
T08288,M1,D5,NONE,NONE,IHR_SPCE,PENDING
T09722,M4,D3,NONE,NONE,BASELINE,PENDING
T08043,M1,D3,NONE,NONE,IHR_SPCE,PENDING
T07935,M1,D3,NONE,NONE,BASELINE,PENDING
T08242,M1,D5,NONE,NONE,BASELINE,PENDING
T08605,M2,D3,NONE,NONE,IHR_SPCE,PENDING
T07975,M1,D3,NONE,NONE,IHR_SPCE,PENDING
T09567,M3,D5,NONE,NONE,IHR_SPCE,PENDING
T10110,M4,D5,NONE,NONE,IHR_SPCE,PENDING
T07878,M1,D3,NONE,NONE,BASELINE,PENDING
T08119,M1,D5,NONE,NONE,BASELINE,PENDING
T08258,M1,D5,NONE,NONE,IHR_SPCE,PENDING
T09541,M3,D5,NONE,NONE,IHR_SPCE,PENDING
T08122,M1,D5,NONE,NONE,BASELINE,PENDING
T08334,M1,D5,NONE,NONE,IHR_SPCE,PENDING
T10182,M4,D5,NONE,NONE,IHR_SPCE,PENDING
T08314,M1,D5,NONE,NONE,IHR_SPCE,PENDING
T09060,M3,D3,NONE,NONE,BASELINE,PENDING
T10111,M4,D5,NONE,NONE,IHR_SPCE,PENDING
T08384,M1,D5,NONE,NONE,IHR_SPCE,PENDING
T08328,M1,D5,NONE,NONE,IHR_SPCE,PENDING
T08711,M2,D5,NONE,NONE,BASELINE,PENDING
T08286,M1,D5,NONE,NONE,IHR_SPCE,PENDING
T07918,M1,D3,NONE,NONE,BASELINE,PENDING
T09048,M3,D3,NONE,NONE,BASELINE,PENDING
T08506,M2,D3,NONE,NONE,BASELINE,PENDING
T09202,M3,D3,NONE,NONE,IHR_SPCE,PENDING
T10058,M4,D5,NONE,NONE,IHR_SPCE,PENDING
T08370,M1,D5,NONE,NONE,IHR_SPCE,PENDING
T09286,M3,D3,NONE,NONE,IHR_SPCE,PENDING
T09077,M3,D3,NONE,NONE,BASELINE,PENDING
T09227,M3,D3,NONE,NONE,IHR_SPCE,PENDING
T09765,M4,D3,NONE,NONE,IHR_SPCE,PENDING
T09949,M4,D5,NONE,NONE,BASELINE,PENDING
T08338,M1,D5,NONE,NONE,IHR_SPCE,PENDING
T08278,M1,D5,NONE,NONE,IHR_SPCE,PENDING
T08113,M1,D5,NONE,NONE,BASELINE,PENDING
T09687,M4,D3,NONE,NONE,BASELINE,PENDING
T09510,M3,D5,NONE,NONE,IHR_SPCE,PENDING
T08267,M1,D5,NONE,NONE,IHR_SPCE,PENDING
T10158,M4,D5,NONE,NONE,IHR_SPCE,PENDING
T08706,M2,D5,NONE,NONE,BASELINE,PENDING
T09862,M4,D3,NONE,NONE,IHR_SPCE,PENDING
T08434,M2,D3,NONE,NONE,BASELINE,PENDING
T08693,M2,D3,NONE,NONE,IHR_SPCE,PENDING
T08220,M1,D5,NONE,NONE,BASELINE,PENDING
T09947,M4,D5,NONE,NONE,BASELINE,PENDING
T09194,M3,D3,NONE,NONE,IHR_SPCE,PENDING
T09488,M3,D5,NONE,NONE,IHR_SPCE,PENDING
T09787,M4,D3,NONE,NONE,IHR_SPCE,PENDING
T10019,M4,D5,NONE,NONE,BASELINE,PENDING
T08953,M2,D5,NONE,NONE,IHR_SPCE,PENDING
T10076,M4,D5,NONE,NONE,IHR_SPCE,PENDING
T07853,M1,D3,NONE,NONE,BASELINE,PENDING
T10001,M4,D5,NONE,NONE,BASELINE,PENDING
T09241,M3,D3,NONE,NONE,IHR_SPCE,PENDING
T08193,M1,D5,NONE,NONE,BASELINE,PENDING
T09285,M3,D3,NONE,NONE,IHR_SPCE,PENDING
T08912,M2,D5,NONE,NONE,IHR_SPCE,PENDING
T09034,M3,D3,NONE,NONE,BASELINE,PENDING
T09096,M3,D3,NONE,NONE,BASELINE,PENDING
T09122,M3,D3,NONE,NONE,BASELINE,PENDING
T08485,M2,D3,NONE,NONE,BASELINE,PENDING
T08188,M1,D5,NONE,NONE,BASELINE,PENDING
T08551,M2,D3,NONE,NONE,IHR_SPCE,PENDING
T08594,M2,D3,NONE,NONE,IHR_SPCE,PENDING
T09905,M4,D5,NONE,NONE,BASELINE,PENDING
T08115,M1,D5,NONE,NONE,BASELINE,PENDING
T10131,M4,D5,NONE,NONE,IHR_SPCE,PENDING
T10060,M4,D5,NONE,NONE,IHR_SPCE,PENDING
T08000,M1,D3,NONE,NONE,IHR_SPCE,PENDING
T09259,M3,D3,NONE,NONE,IHR_SPCE,PENDING
T09519,M3,D5,NONE,NONE,IHR_SPCE,PENDING
T09280,M3,D3,NONE,NONE,IHR_SPCE,PENDING
T08917,M2,D5,NONE,NONE,IHR_SPCE,PENDING
T08017,M1,D3,NONE,NONE,IHR_SPCE,PENDING
T08469,M2,D3,NONE,NONE,BASELINE,PENDING
T10046,M4,D5,NONE,NONE,BASELINE,PENDING
T08355,M1,D5,NONE,NONE,IHR_SPCE,PENDING
T09689,M4,D3,NONE,NONE,BASELINE,PENDING
T09110,M3,D3,NONE,NONE,BASELINE,PENDING
T08399,M1,D5,NONE,NONE,IHR_SPCE,PENDING
T08040,M1,D3,NONE,NONE,IHR_SPCE,PENDING
T08468,M2,D3,NONE,NONE,BASELINE,PENDING
T08864,M2,D5,NONE,NONE,IHR_SPCE,PENDING
T07872,M1,D3,NONE,NONE,BASELINE,PENDING
T09900,M4,D3,NONE,NONE,IHR_SPCE,PENDING
T09329,M3,D5,NONE,NONE,BASELINE,PENDING
T08290,M1,D5,NONE,NONE,IHR_SPCE,PENDING
T09750,M4,D3,NONE,NONE,BASELINE,PENDING
T08857,M2,D5,NONE,NONE,IHR_SPCE,PENDING
T09587,M3,D5,NONE,NONE,IHR_SPCE,PENDING
T09769,M4,D3,NONE,NONE,IHR_SPCE,PENDING
T09282,M3,D3,NONE,NONE,IHR_SPCE,PENDING
T08074,M1,D3,NONE,NONE,IHR_SPCE,PENDING
T09820,M4,D3,NONE,NONE,IHR_SPCE,PENDING
T10175,M4,D5,NONE,NONE,IHR_SPCE,PENDING
T08289,M1,D5,NONE,NONE,IHR_SPCE,PENDING
T07917,M1,D3,NONE,NONE,BASELINE,PENDING
T08803,M2,D5,NONE,NONE,BASELINE,PENDING
T09815,M4,D3,NONE,NONE,IHR_SPCE,PENDING
T08535,M2,D3,NONE,NONE,BASELINE,PENDING
T09509,M3,D5,NONE,NONE,IHR_SPCE,PENDING
T08979,M2,D5,NONE,NONE,IHR_SPCE,PENDING
T08309,M1,D5,NONE,NONE,IHR_SPCE,PENDING
T09736,M4,D3,NONE,NONE,BASELINE,PENDING
T09030,M3,D3,NONE,NONE,BASELINE,PENDING
T08876,M2,D5,NONE,NONE,IHR_SPCE,PENDING
T08431,M2,D3,NONE,NONE,BASELINE,PENDING
T07811,M1,D3,NONE,NONE,BASELINE,PENDING
T07910,M1,D3,NONE,NONE,BASELINE,PENDING
T08720,M2,D5,NONE,NONE,BASELINE,PENDING
T09699,M4,D3,NONE,NONE,BASELINE,PENDING
T09824,M4,D3,NONE,NONE,IHR_SPCE,PENDING
T09045,M3,D3,NONE,NONE,BASELINE,PENDING
T09037,M3,D3,NONE,NONE,BASELINE,PENDING
T07973,M1,D3,NONE,NONE,IHR_SPCE,PENDING
T09810,M4,D3,NONE,NONE,IHR_SPCE,PENDING
T08986,M2,D5,NONE,NONE,IHR_SPCE,PENDING
T09364,M3,D5,NONE,NONE,BASELINE,PENDING
T08562,M2,D3,NONE,NONE,IHR_SPCE,PENDING
T08617,M2,D3,NONE,NONE,IHR_SPCE,PENDING
T08361,M1,D5,NONE,NONE,IHR_SPCE,PENDING
T09693,M4,D3,NONE,NONE,BASELINE,PENDING
T08517,M2,D3,NONE,NONE,BASELINE,PENDING
T09498,M3,D5,NONE,NONE,IHR_SPCE,PENDING
T08920,M2,D5,NONE,NONE,IHR_SPCE,PENDING
T09478,M3,D5,NONE,NONE,IHR_SPCE,PENDING
T07828,M1,D3,NONE,NONE,BASELINE,PENDING
T08163,M1,D5,NONE,NONE,BASELINE,PENDING
T09340,M3,D5,NONE,NONE,BASELINE,PENDING
T08071,M1,D3,NONE,NONE,IHR_SPCE,PENDING
T09174,M3,D3,NONE,NONE,IHR_SPCE,PENDING
T09952,M4,D5,NONE,NONE,BASELINE,PENDING
T09745,M4,D3,NONE,NONE,BASELINE,PENDING
T09043,M3,D3,NONE,NONE,BASELINE,PENDING
T08652,M2,D3,NONE,NONE,IHR_SPCE,PENDING
T08389,M1,D5,NONE,NONE,IHR_SPCE,PENDING
T08153,M1,D5,NONE,NONE,BASELINE,PENDING
T10053,M4,D5,NONE,NONE,IHR_SPCE,PENDING
T09497,M3,D5,NONE,NONE,IHR_SPCE,PENDING
T09537,M3,D5,NONE,NONE,IHR_SPCE,PENDING
T08471,M2,D3,NONE,NONE,BASELINE,PENDING
T08983,M2,D5,NONE,NONE,IHR_SPCE,PENDING
T09613,M4,D3,NONE,NONE,BASELINE,PENDING
T09503,M3,D5,NONE,NONE,IHR_SPCE,PENDING
T09620,M4,D3,NONE,NONE,BASELINE,PENDING
T08684,M2,D3,NONE,NONE,IHR_SPCE,PENDING
T08159,M1,D5,NONE,NONE,BASELINE,PENDING
T09626,M4,D3,NONE,NONE,BASELINE,PENDING
T10051,M4,D5,NONE,NONE,IHR_SPCE,PENDING
T09240,M3,D3,NONE,NONE,IHR_SPCE,PENDING
T09213,M3,D3,NONE,NONE,IHR_SPCE,PENDING
T08966,M2,D5,NONE,NONE,IHR_SPCE,PENDING
T07850,M1,D3,NONE,NONE,BASELINE,PENDING
T10080,M4,D5,NONE,NONE,IHR_SPCE,PENDING
T09382,M3,D5,NONE,NONE,BASELINE,PENDING
T10087,M4,D5,NONE,NONE,IHR_SPCE,PENDING
T09552,M3,D5,NONE,NONE,IHR_SPCE,PENDING
T10081,M4,D5,NONE,NONE,IHR_SPCE,PENDING
T09429,M3,D5,NONE,NONE,BASELINE,PENDING
T09279,M3,D3,NONE,NONE,IHR_SPCE,PENDING
T08030,M1,D3,NONE,NONE,IHR_SPCE,PENDING
T09896,M4,D3,NONE,NONE,IHR_SPCE,PENDING
T09102,M3,D3,NONE,NONE,BASELINE,PENDING
T09809,M4,D3,NONE,NONE,IHR_SPCE,PENDING
T08597,M2,D3,NONE,NONE,IHR_SPCE,PENDING
T09416,M3,D5,NONE,NONE,BASELINE,PENDING
T09897,M4,D3,NONE,NONE,IHR_SPCE,PENDING
T10156,M4,D5,NONE,NONE,IHR_SPCE,PENDING
T09625,M4,D3,NONE,NONE,BASELINE,PENDING
T10006,M4,D5,NONE,NONE,BASELINE,PENDING
T08143,M1,D5,NONE,NONE,BASELINE,PENDING
T10141,M4,D5,NONE,NONE,IHR_SPCE,PENDING
T08602,M2,D3,NONE,NONE,IHR_SPCE,PENDING
T08939,M2,D5,NONE,NONE,IHR_SPCE,PENDING
T08710,M2,D5,NONE,NONE,BASELINE,PENDING
T09957,M4,D5,NONE,NONE,BASELINE,PENDING
T08600,M2,D3,NONE,NONE,IHR_SPCE,PENDING
T08026,M1,D3,NONE,NONE,IHR_SPCE,PENDING
T10122,M4,D5,NONE,NONE,IHR_SPCE,PENDING
T08179,M1,D5,NONE,NONE,BASELINE,PENDING
T09264,M3,D3,NONE,NONE,IHR_SPCE,PENDING
T09627,M4,D3,NONE,NONE,BASELINE,PENDING
T08703,M2,D5,NONE,NONE,BASELINE,PENDING
T09446,M3,D5,NONE,NONE,BASELINE,PENDING
T07902,M1,D3,NONE,NONE,BASELINE,PENDING
T09062,M3,D3,NONE,NONE,BASELINE,PENDING
T10093,M4,D5,NONE,NONE,IHR_SPCE,PENDING
T08372,M1,D5,NONE,NONE,IHR_SPCE,PENDING
T07965,M1,D3,NONE,NONE,IHR_SPCE,PENDING
T09762,M4,D3,NONE,NONE,IHR_SPCE,PENDING
T08261,M1,D5,NONE,NONE,IHR_SPCE,PENDING
T09188,M3,D3,NONE,NONE,IHR_SPCE,PENDING
T09611,M4,D3,NONE,NONE,BASELINE,PENDING
T08403,M2,D3,NONE,NONE,BASELINE,PENDING
T08988,M2,D5,NONE,NONE,IHR_SPCE,PENDING
T10136,M4,D5,NONE,NONE,IHR_SPCE,PENDING
T09011,M3,D3,NONE,NONE,BASELINE,PENDING
T09157,M3,D3,NONE,NONE,IHR_SPCE,PENDING
T09879,M4,D3,NONE,NONE,IHR_SPCE,PENDING
T10038,M4,D5,NONE,NONE,BASELINE,PENDING
T07818,M1,D3,NONE,NONE,BASELINE,PENDING
T08440,M2,D3,NONE,NONE,BASELINE,PENDING
T09112,M3,D3,NONE,NONE,BASELINE,PENDING
T09677,M4,D3,NONE,NONE,BASELINE,PENDING
T08396,M1,D5,NONE,NONE,IHR_SPCE,PENDING
T09846,M4,D3,NONE,NONE,IHR_SPCE,PENDING
T09458,M3,D5,NONE,NONE,IHR_SPCE,PENDING
T07903,M1,D3,NONE,NONE,BASELINE,PENDING
T08298,M1,D5,NONE,NONE,IHR_SPCE,PENDING
T09036,M3,D3,NONE,NONE,BASELINE,PENDING
T09986,M4,D5,NONE,NONE,BASELINE,PENDING
T08466,M2,D3,NONE,NONE,BASELINE,PENDING
T10012,M4,D5,NONE,NONE,BASELINE,PENDING
T09637,M4,D3,NONE,NONE,BASELINE,PENDING
T10172,M4,D5,NONE,NONE,IHR_SPCE,PENDING
T08406,M2,D3,NONE,NONE,BASELINE,PENDING
T09209,M3,D3,NONE,NONE,IHR_SPCE,PENDING
T09099,M3,D3,NONE,NONE,BASELINE,PENDING
T07943,M1,D3,NONE,NONE,BASELINE,PENDING
T08641,M2,D3,NONE,NONE,IHR_SPCE,PENDING
T08556,M2,D3,NONE,NONE,IHR_SPCE,PENDING
T09315,M3,D5,NONE,NONE,BASELINE,PENDING
T08867,M2,D5,NONE,NONE,IHR_SPCE,PENDING
T09606,M4,D3,NONE,NONE,BASELINE,PENDING
T08319,M1,D5,NONE,NONE,IHR_SPCE,PENDING
T09097,M3,D3,NONE,NONE,BASELINE,PENDING
T07969,M1,D3,NONE,NONE,IHR_SPCE,PENDING
T08279,M1,D5,NONE,NONE,IHR_SPCE,PENDING
T08775,M2,D5,NONE,NONE,BASELINE,PENDING
T08461,M2,D3,NONE,NONE,BASELINE,PENDING
T08429,M2,D3,NONE,NONE,BASELINE,PENDING
T08519,M2,D3,NONE,NONE,BASELINE,PENDING
T08547,M2,D3,NONE,NONE,BASELINE,PENDING
T08969,M2,D5,NONE,NONE,IHR_SPCE,PENDING
T09993,M4,D5,NONE,NONE,BASELINE,PENDING
T08459,M2,D3,NONE,NONE,BASELINE,PENDING
T08482,M2,D3,NONE,NONE,BASELINE,PENDING
T09668,M4,D3,NONE,NONE,BASELINE,PENDING
T08965,M2,D5,NONE,NONE,IHR_SPCE,PENDING
T09247,M3,D3,NONE,NONE,IHR_SPCE,PENDING
T08408,M2,D3,NONE,NONE,BASELINE,PENDING
T07994,M1,D3,NONE,NONE,IHR_SPCE,PENDING
T08981,M2,D5,NONE,NONE,IHR_SPCE,PENDING
T09324,M3,D5,NONE,NONE,BASELINE,PENDING
T09784,M4,D3,NONE,NONE,IHR_SPCE,PENDING
T08729,M2,D5,NONE,NONE,BASELINE,PENDING
T08865,M2,D5,NONE,NONE,IHR_SPCE,PENDING
T08504,M2,D3,NONE,NONE,BASELINE,PENDING
T09056,M3,D3,NONE,NONE,BASELINE,PENDING
T10137,M4,D5,NONE,NONE,IHR_SPCE,PENDING
T09046,M3,D3,NONE,NONE,BASELINE,PENDING
T10157,M4,D5,NONE,NONE,IHR_SPCE,PENDING
T09624,M4,D3,NONE,NONE,BASELINE,PENDING
T10047,M4,D5,NONE,NONE,BASELINE,PENDING
T09972,M4,D5,NONE,NONE,BASELINE,PENDING
T10169,M4,D5,NONE,NONE,IHR_SPCE,PENDING
T09137,M3,D3,NONE,NONE,BASELINE,PENDING
T09205,M3,D3,NONE,NONE,IHR_SPCE,PENDING
T09487,M3,D5,NONE,NONE,IHR_SPCE,PENDING
T09176,M3,D3,NONE,NONE,IHR_SPCE,PENDING
T09929,M4,D5,NONE,NONE,BASELINE,PENDING
T08752,M2,D5,NONE,NONE,BASELINE,PENDING
T07891,M1,D3,NONE,NONE,BASELINE,PENDING
T08058,M1,D3,NONE,NONE,IHR_SPCE,PENDING
T08575,M2,D3,NONE,NONE,IHR_SPCE,PENDING
T08995,M2,D5,NONE,NONE,IHR_SPCE,PENDING
T07888,M1,D3,NONE,NONE,BASELINE,PENDING
T09619,M4,D3,NONE,NONE,BASELINE,PENDING
T09521,M3,D5,NONE,NONE,IHR_SPCE,PENDING
T09221,M3,D3,NONE,NONE,IHR_SPCE,PENDING
T09742,M4,D3,NONE,NONE,BASELINE,PENDING
T08341,M1,D5,NONE,NONE,IHR_SPCE,PENDING
T10018,M4,D5,NONE,NONE,BASELINE,PENDING
T09507,M3,D5,NONE,NONE,IHR_SPCE,PENDING
T09001,M3,D3,NONE,NONE,BASELINE,PENDING
T07893,M1,D3,NONE,NONE,BASELINE,PENDING
T09933,M4,D5,NONE,NONE,BASELINE,PENDING
T08637,M2,D3,NONE,NONE,IHR_SPCE,PENDING
T08417,M2,D3,NONE,NONE,BASELINE,PENDING
T09833,M4,D3,NONE,NONE,IHR_SPCE,PENDING
T08407,M2,D3,NONE,NONE,BASELINE,PENDING
T08259,M1,D5,NONE,NONE,IHR_SPCE,PENDING
T08931,M2,D5,NONE,NONE,IHR_SPCE,PENDING
T08475,M2,D3,NONE,NONE,BASELINE,PENDING
T08248,M1,D5,NONE,NONE,BASELINE,PENDING
T08116,M1,D5,NONE,NONE,BASELINE,PENDING
T08982,M2,D5,NONE,NONE,IHR_SPCE,PENDING
T08533,M2,D3,NONE,NONE,BASELINE,PENDING
T09401,M3,D5,NONE,NONE,BASELINE,PENDING
T08129,M1,D5,NONE,NONE,BASELINE,PENDING
T08158,M1,D5,NONE,NONE,BASELINE,PENDING
T09676,M4,D3,NONE,NONE,BASELINE,PENDING
T08572,M2,D3,NONE,NONE,IHR_SPCE,PENDING
T08069,M1,D3,NONE,NONE,IHR_SPCE,PENDING
T09308,M3,D5,NONE,NONE,BASELINE,PENDING
T09652,M4,D3,NONE,NONE,BASELINE,PENDING
T08998,M2,D5,NONE,NONE,IHR_SPCE,PENDING
T09983,M4,D5,NONE,NONE,BASELINE,PENDING
T09979,M4,D5,NONE,NONE,BASELINE,PENDING
T09726,M4,D3,NONE,NONE,BASELINE,PENDING
T08303,M1,D5,NONE,NONE,IHR_SPCE,PENDING
T09958,M4,D5,NONE,NONE,BASELINE,PENDING
T09854,M4,D3,NONE,NONE,IHR_SPCE,PENDING
T09792,M4,D3,NONE,NONE,IHR_SPCE,PENDING
T09654,M4,D3,NONE,NONE,BASELINE,PENDING
T09215,M3,D3,NONE,NONE,IHR_SPCE,PENDING
T09328,M3,D5,NONE,NONE,BASELINE,PENDING
T08060,M1,D3,NONE,NONE,IHR_SPCE,PENDING
T08024,M1,D3,NONE,NONE,IHR_SPCE,PENDING
T08936,M2,D5,NONE,NONE,IHR_SPCE,PENDING
T09533,M3,D5,NONE,NONE,IHR_SPCE,PENDING
T09863,M4,D3,NONE,NONE,IHR_SPCE,PENDING
T08896,M2,D5,NONE,NONE,IHR_SPCE,PENDING
T09245,M3,D3,NONE,NONE,IHR_SPCE,PENDING
T09113,M3,D3,NONE,NONE,BASELINE,PENDING
T08724,M2,D5,NONE,NONE,BASELINE,PENDING
T08660,M2,D3,NONE,NONE,IHR_SPCE,PENDING
T10177,M4,D5,NONE,NONE,IHR_SPCE,PENDING
T09760,M4,D3,NONE,NONE,IHR_SPCE,PENDING
T08266,M1,D5,NONE,NONE,IHR_SPCE,PENDING
T10011,M4,D5,NONE,NONE,BASELINE,PENDING
T08778,M2,D5,NONE,NONE,BASELINE,PENDING
T09172,M3,D3,NONE,NONE,IHR_SPCE,PENDING
T08367,M1,D5,NONE,NONE,IHR_SPCE,PENDING
T08639,M2,D3,NONE,NONE,IHR_SPCE,PENDING
T10097,M4,D5,NONE,NONE,IHR_SPCE,PENDING
T08075,M1,D3,NONE,NONE,IHR_SPCE,PENDING
T10089,M4,D5,NONE,NONE,IHR_SPCE,PENDING
T08518,M2,D3,NONE,NONE,BASELINE,PENDING
T09301,M3,D5,NONE,NONE,BASELINE,PENDING
T10199,M4,D5,NONE,NONE,IHR_SPCE,PENDING
T07968,M1,D3,NONE,NONE,IHR_SPCE,PENDING
T09707,M4,D3,NONE,NONE,BASELINE,PENDING
T09298,M3,D3,NONE,NONE,IHR_SPCE,PENDING
T09369,M3,D5,NONE,NONE,BASELINE,PENDING
